org_standard,org_order,org_family,org_genus,org_species,org_subspecies,org_clean
ACREMONIUM SP,,,ACREMONIUM,SP,,ACREMONIUM SP
DEMATIACEOUS FUNGUS,,,DEMATIACEOUS,FUNGUS,,DEMATIACEOUS FUNGUS
DEMATIACEOUS HYPHAE,,,DEMATIACEOUS,HYPHAE,,DEMATIACEOUS HYPHAE
DROP,,,DROP,,,DROP 
EXIGUOBACTERIUM SP,,,EXIGUOBACTERIUM,SP,,EXIGUOBACTERIUM SP
FUNGUS,,,FUNGUS,,,FUNGUS 
MOLD PRESENT,,,MOLD,PRESENT,,MOLD PRESENT
ENTERIC GRAM NEG ROD,,,UNIDENTIFIED,GRAM NEGATIVE,ROD,UNIDENTIFIED GRAM NEGATIVE
ENTERIC GRAM NEGATIVE BACILLI,,,UNIDENTIFIED,GRAM NEGATIVE,BACILLI,UNIDENTIFIED GRAM NEGATIVE
ENTERIC GRAM NEGATIVE ROD,,,UNIDENTIFIED,GRAM NEGATIVE,ROD,UNIDENTIFIED GRAM NEGATIVE
ENTERIC GRAM NEGATIVE RODUNABLE TO IDENTIFY,,,UNIDENTIFIED,GRAM NEGATIVE,ROD,UNIDENTIFIED GRAM NEGATIVE
ENTERIC NEGATIVE RODSUNABLE TO IDENTIFY,,,UNIDENTIFIED,GRAM NEGATIVE,ROD,UNIDENTIFIED GRAM NEGATIVE
GRAM NEGATIVE BACILLI,,,UNIDENTIFIED,GRAM NEGATIVE,BACILLI,UNIDENTIFIED GRAM NEGATIVE
GRAM NEGATIVE ROD,,,UNIDENTIFIED,GRAM NEGATIVE,ROD,UNIDENTIFIED GRAM NEGATIVE
GRAM NEGATIVE RODS,,,UNIDENTIFIED,GRAM NEGATIVE,ROD,UNIDENTIFIED GRAM NEGATIVE
GRAM NEGATIVE RODS UNABLE TO IDENTIFY,,,UNIDENTIFIED,GRAM NEGATIVE,ROD,UNIDENTIFIED GRAM NEGATIVE
GRAM NEGATIVE RODUNABLE TO IDENTIFY,,,UNIDENTIFIED,GRAM NEGATIVE,ROD,UNIDENTIFIED GRAM NEGATIVE
NONENTERIC GRAM NEG RODUNABLE TO SPECIATE,,,UNIDENTIFIED,GRAM NEGATIVE,ROD,UNIDENTIFIED GRAM NEGATIVE
NORMAL GRAM POSITIVE FLORA,,,UNIDENTIFIED,GRAM POSITIVE,NORMAL FLORA,UNIDENTIFIED GRAM POSITIVE
GRAM POSITIVE COCCI,,,UNIDENTIFIED,GRAM POSITIVE,COCCI,UNIDENTIFIED GRAM POSITIVE
GRAM POSITIVE RODS UNABLE TO ID,,,UNIDENTIFIED,GRAM POSITIVE,ROD,UNIDENTIFIED GRAM POSITIVE
GRAM POSITIVIE BACILLUS,,,UNIDENTIFIED,GRAM POSITIVE,BACILLI,UNIDENTIFIED GRAM POSITIVE
GRAMPOSITIVE COCCI,,,UNIDENTIFIED,GRAM POSITIVE,COCCI,UNIDENTIFIED GRAM POSITIVE
GRAMPOSITIVE RODS,,,UNIDENTIFIED,GRAM POSITIVE,ROD,UNIDENTIFIED GRAM POSITIVE
GRAMPOSITIVE RODS UNABLE TO IDENTIFY,,,UNIDENTIFIED,GRAM POSITIVE,ROD,UNIDENTIFIED GRAM POSITIVE
ANAEROBIC GRAM POS ROD NOT C PERFRINGENS,,,UNIDENTIFIED,GRAM POSITIVE,ROD,UNIDENTIFIED GRAM POSITIVE
UNIDENTIFIED ORGANISM,,,UNIDENTIFIED,,,UNIDENTIFIED 
ORGANISM RESEMBLING MYCOPLASMA PRESENT,,,UNIDENTIFIED,,,UNIDENTIFIED 
BLACK YEAST UNABLE TO IDENTIFY,,,YEAST,SP,BLACK,YEAST SP
YEAST,,,YEAST,SP,,YEAST SP
YEAST SP,,,YEAST,SP,,YEAST SP
ACTINOMYCES EUROPAEUS,ACTINOMYCETALES,ACTINOMYCETACEAE,ACTINOMYCES,EUROPAEUS,,ACTINOMYCES EUROPAEUS
ACTINOMYCES PYOGENES,ACTINOMYCETALES,ACTINOMYCETACEAE,ACTINOMYCES,PYOGENES,,ACTINOMYCES PYOGENES
ACTINOMYCES SP,ACTINOMYCETALES,ACTINOMYCETACEAE,ACTINOMYCES,SP,,ACTINOMYCES SP
ARCANOBACTERIUM CANIS,ACTINOMYCETALES,ACTINOMYCETACEAE,ARCANOBACTERIUM,CANIS,,ARCANOBACTERIUM CANIS
ARCANOBACTERIUM HAEMOLYTICUM,ACTINOMYCETALES,ACTINOMYCETACEAE,ARCANOBACTERIUM,HAEMOLYTICUM,,ARCANOBACTERIUM HAEMOLYTICUM
ARCANOBACTERIUM PHOCAE,ACTINOMYCETALES,ACTINOMYCETACEAE,ARCANOBACTERIUM,PHOCAE,,ARCANOBACTERIUM PHOCAE
ARCANOBACTERIUM PYOGENES,ACTINOMYCETALES,ACTINOMYCETACEAE,ARCANOBACTERIUM,PYOGENES,,ARCANOBACTERIUM PYOGENES
ARCANOBACTERIUM SP,ACTINOMYCETALES,ACTINOMYCETACEAE,ARCANOBACTERIUM,SP,,ARCANOBACTERIUM SP
TRUEPERELLA ABORTISUIS,ACTINOMYCETALES,ACTINOMYCETACEAE,TRUEPERELLA,ABORTISUIS,,TRUEPERELLA ABORTISUIS
TRUEPERELLAARCANOBACTERIUM SP,ACTINOMYCETALES,ACTINOMYCETACEAE,TRUEPERELLA,ARCANOBACTERIUM,,TRUEPERELLA ARCANOBACTERIUM
TRUEPERELLAARCANOBACTERIUMSP,ACTINOMYCETALES,ACTINOMYCETACEAE,TRUEPERELLA,ARCANOBACTERIUM,,TRUEPERELLA ARCANOBACTERIUM
TRUEPERELLA BERNARDIAE,ACTINOMYCETALES,ACTINOMYCETACEAE,TRUEPERELLA,BERNARDIAE,,TRUEPERELLA BERNARDIAE
TRUPERELLA BERNARDIAE,ACTINOMYCETALES,ACTINOMYCETACEAE,TRUEPERELLA,BERNARDIAE,,TRUEPERELLA BERNARDIAE
TRUEPERELLA,ACTINOMYCETALES,ACTINOMYCETACEAE,TRUEPERELLA,SP,,TRUEPERELLA SP
TRUEPERELLA SP,ACTINOMYCETALES,ACTINOMYCETACEAE,TRUEPERELLA,SP,,TRUEPERELLA SP
TRUEPERELLA SP,ACTINOMYCETALES,ACTINOMYCETACEAE,TRUEPERELLA,SP,,TRUEPERELLA SP
TRUPERELLA SP,ACTINOMYCETALES,ACTINOMYCETACEAE,TRUEPERELLA,SP,,TRUEPERELLA SP
AEROMONAS CAVIAE,AEROMONADALES,AEROMONADACEAE,AEROMONAS,CAVIAE,,AEROMONAS CAVIAE
AEROMONAS HYDROPHILA,AEROMONADALES,AEROMONADACEAE,AEROMONAS,HYDROPHILA,,AEROMONAS HYDROPHILA
AEROMONAS HYDROPHILACAVIAE,AEROMONADALES,AEROMONADACEAE,AEROMONAS,HYDROPHILA,CAVIAE,AEROMONAS HYDROPHILA
AEROMONAS PUNCTATA,AEROMONADALES,AEROMONADACEAE,AEROMONAS,PUNCTATA,,AEROMONAS PUNCTATA
AEROMONAS SOBRIA,AEROMONADALES,AEROMONADACEAE,AEROMONAS,SOBRIA,,AEROMONAS SOBRIA
AEROMONAS SP,AEROMONADALES,AEROMONADACEAE,AEROMONAS,SP,,AEROMONAS SP
AEROMONAS VERONII,AEROMONADALES,AEROMONADACEAE,AEROMONAS,VERONII,,AEROMONAS VERONII
BACILLUS ALTITUDINIS,BACILLALES,BACILLACEAE,BACILLUS,ALTITUDINIS,,BACILLUS ALTITUDINIS
BACILLUS CEREUS,BACILLALES,BACILLACEAE,BACILLUS,CEREUS,,BACILLUS CEREUS
BACILLUS PUMILUS,BACILLALES,BACILLACEAE,BACILLUS,PUMILUS,,BACILLUS PUMILUS
BACILLUS SP,BACILLALES,BACILLACEAE,BACILLUS,SP,,BACILLUS SP
BACILLUS SP,BACILLALES,BACILLACEAE,BACILLUS,SP,,BACILLUS SP
LISTERIA MONOCYTOGENES,BACILLALES,LISTERIACEAE,LISTERIA,MONOCYTOGENES,,LISTERIA MONOCYTOGENES
LISTERIA SP,BACILLALES,LISTERIACEAE,LISTERIA,SP,,LISTERIA SP
JEOTGALICOCCUS HALOTOLERANS,BACILLALES,STAPHYLOCOCCACEAE,JEOTGALICOCCUS,HALOTOLERANS,,JEOTGALICOCCUS HALOTOLERANS
MACROCOCCUS CANIS,BACILLALES,STAPHYLOCOCCACEAE,MACROCOCCUS,CANIS,,MACROCOCCUS CANIS
MACROCOCCUS CASEOLYTICUS,BACILLALES,STAPHYLOCOCCACEAE,MACROCOCCUS,CASEOLYTICUS,,MACROCOCCUS CASEOLYTICUS
MACROCOCCUS SP,BACILLALES,STAPHYLOCOCCACEAE,MACROCOCCUS,SP,,MACROCOCCUS SP
STAPHYLOCOCCUS ARGENTEUS,BACILLALES,STAPHYLOCOCCACEAE,STAPHYLOCOCCUS,ARGENTEUS,,STAPHYLOCOCCUS ARGENTEUS
STAPHYLOCOCCUS ARGENTUS,BACILLALES,STAPHYLOCOCCACEAE,STAPHYLOCOCCUS,ARGENTEUS,,STAPHYLOCOCCUS ARGENTEUS
STAPHYLOCOCCUS ARLETTAE,BACILLALES,STAPHYLOCOCCACEAE,STAPHYLOCOCCUS,ARLETTAE,,STAPHYLOCOCCUS ARLETTAE
STAPHYLOCOCCUS AUREUS,BACILLALES,STAPHYLOCOCCACEAE,STAPHYLOCOCCUS,AUREUS,,STAPHYLOCOCCUS AUREUS
STAPHYLOCOCCUS AURICULARIS,BACILLALES,STAPHYLOCOCCACEAE,STAPHYLOCOCCUS,AURICULARIS,,STAPHYLOCOCCUS AURICULARIS
STAPHYLOCOCCUS BOREALIS,BACILLALES,STAPHYLOCOCCACEAE,STAPHYLOCOCCUS,BOREALIS,,STAPHYLOCOCCUS BOREALIS
STAPHYLOCOCCUS CAPITIS,BACILLALES,STAPHYLOCOCCACEAE,STAPHYLOCOCCUS,CAPITIS,,STAPHYLOCOCCUS CAPITIS
STAPHYLOCOCCUS CAPITUS SS CAPITUS,BACILLALES,STAPHYLOCOCCACEAE,STAPHYLOCOCCUS,CAPITIS,,STAPHYLOCOCCUS CAPITIS
STAPHYLOCOCCUS CAPRAE,BACILLALES,STAPHYLOCOCCACEAE,STAPHYLOCOCCUS,CAPRAE,,STAPHYLOCOCCUS CAPRAE
STAPHYLOCOCCUS CARNOSUS,BACILLALES,STAPHYLOCOCCACEAE,STAPHYLOCOCCUS,CARNOSUS,,STAPHYLOCOCCUS CARNOSUS
STAPHYLOCOCCUS CARNOSUS SS CARNOSUS,BACILLALES,STAPHYLOCOCCACEAE,STAPHYLOCOCCUS,CARNOSUS,CARNOSUS,STAPHYLOCOCCUS CARNOSUS
STAPHYLOCOCCUS CARNOSUS SSP CARNOSUS,BACILLALES,STAPHYLOCOCCACEAE,STAPHYLOCOCCUS,CARNOSUS,CARNOSUS,STAPHYLOCOCCUS CARNOSUS
STAPHYLOCOCCUS CHROMOGENES,BACILLALES,STAPHYLOCOCCACEAE,STAPHYLOCOCCUS,CHROMOGENES,,STAPHYLOCOCCUS CHROMOGENES
STAPHYLOCOCCUS COHNII,BACILLALES,STAPHYLOCOCCACEAE,STAPHYLOCOCCUS,COHNII,,STAPHYLOCOCCUS COHNII
STAPHYLOCOCCUS COHNII SS COHNII,BACILLALES,STAPHYLOCOCCACEAE,STAPHYLOCOCCUS,COHNII,COHNII,STAPHYLOCOCCUS COHNII
STAPHYLOCOCCUS COHNII SS UREALYTICUS,BACILLALES,STAPHYLOCOCCACEAE,STAPHYLOCOCCUS,COHNII,UREALYTICUS,STAPHYLOCOCCUS COHNII
STAPHYLOCOCCUS COHNII SSP COHNII,BACILLALES,STAPHYLOCOCCACEAE,STAPHYLOCOCCUS,COHNII,COHNII,STAPHYLOCOCCUS COHNII
STAPHYLOCOCCUS COHNII SSP UREALYTICUS,BACILLALES,STAPHYLOCOCCACEAE,STAPHYLOCOCCUS,COHNII,UREALYTICUS,STAPHYLOCOCCUS COHNII
STAPHYLOCOCCUS CONDIMENTI,BACILLALES,STAPHYLOCOCCACEAE,STAPHYLOCOCCUS,CONDIMENTI,,STAPHYLOCOCCUS CONDIMENTI
STAPHYLOCOCCUS DELPHINI,BACILLALES,STAPHYLOCOCCACEAE,STAPHYLOCOCCUS,DELPHINI,,STAPHYLOCOCCUS DELPHINI
STAPHYLOCOCCUS EPIDERMIDIS,BACILLALES,STAPHYLOCOCCACEAE,STAPHYLOCOCCUS,EPIDERMIDIS,,STAPHYLOCOCCUS EPIDERMIDIS
STAPHYLOCOCCUS EQUORUM,BACILLALES,STAPHYLOCOCCACEAE,STAPHYLOCOCCUS,EQUORUM,,STAPHYLOCOCCUS EQUORUM
STAPHYLOCOCCUS FELIS,BACILLALES,STAPHYLOCOCCACEAE,STAPHYLOCOCCUS,FELIS,,STAPHYLOCOCCUS FELIS
STAPHYLOCOCCUS GALLINARUM,BACILLALES,STAPHYLOCOCCACEAE,STAPHYLOCOCCUS,GALLINARUM,,STAPHYLOCOCCUS GALLINARUM
STAPHYLOCOCCUS HAEMOLYTICUS,BACILLALES,STAPHYLOCOCCACEAE,STAPHYLOCOCCUS,HAEMOLYTICUS,,STAPHYLOCOCCUS HAEMOLYTICUS
STAPHYLOCOCCUS HOMINIS,BACILLALES,STAPHYLOCOCCACEAE,STAPHYLOCOCCUS,HOMINIS,,STAPHYLOCOCCUS HOMINIS
STAPHYLOCOCCUS HOMINIS SS HOMINIS,BACILLALES,STAPHYLOCOCCACEAE,STAPHYLOCOCCUS,HOMINIS,HOMINIS,STAPHYLOCOCCUS HOMINIS
STAPHYLOCOCCUS HOMINIS SSP HOMINIS,BACILLALES,STAPHYLOCOCCACEAE,STAPHYLOCOCCUS,HOMINIS,HOMINIS,STAPHYLOCOCCUS HOMINIS
STAPHYLOCOCCUS HOMINISAURICULARISWARNERI,BACILLALES,STAPHYLOCOCCACEAE,STAPHYLOCOCCUS,HOMINIS,AURICULARIS WARNERI,STAPHYLOCOCCUS HOMINIS
STAPHYLOCOCCUS HYICUS,BACILLALES,STAPHYLOCOCCACEAE,STAPHYLOCOCCUS,HYICUS,,STAPHYLOCOCCUS HYICUS
STAPHYLOCOCCUS INTERMEDIUS,BACILLALES,STAPHYLOCOCCACEAE,STAPHYLOCOCCUS,INTERMEDIUS,,STAPHYLOCOCCUS INTERMEDIUS
STAPHYLOCOCCUS KLOOSII,BACILLALES,STAPHYLOCOCCACEAE,STAPHYLOCOCCUS,KLOOSII,,STAPHYLOCOCCUS KLOOSII
STAPHYLOCOCCUS LENTUS,BACILLALES,STAPHYLOCOCCACEAE,STAPHYLOCOCCUS,LENTUS,,STAPHYLOCOCCUS LENTUS
STAPHYLOCOCCUS LUGDUNENSIS,BACILLALES,STAPHYLOCOCCACEAE,STAPHYLOCOCCUS,LUGDUNENSIS,,STAPHYLOCOCCUS LUGDUNENSIS
STAPHYLOCOCCUS LUTRAE,BACILLALES,STAPHYLOCOCCACEAE,STAPHYLOCOCCUS,LUTRAE,,STAPHYLOCOCCUS LUTRAE
STAPHYLOCOCCUS MICROTI,BACILLALES,STAPHYLOCOCCACEAE,STAPHYLOCOCCUS,MICROTI,,STAPHYLOCOCCUS MICROTI
STAPHYLOCOCCUS MUCAE,BACILLALES,STAPHYLOCOCCACEAE,STAPHYLOCOCCUS,MUSCAE,,STAPHYLOCOCCUS MUSCAE
STAPHYLOCOCCUS MUSCAE,BACILLALES,STAPHYLOCOCCACEAE,STAPHYLOCOCCUS,MUSCAE,,STAPHYLOCOCCUS MUSCAE
STAPHYLOCOCCUS NAPELENSIS,BACILLALES,STAPHYLOCOCCACEAE,STAPHYLOCOCCUS,NAPELENSIS,,STAPHYLOCOCCUS NAPELENSIS
STAPHYLOCOCCUS NEPALENSIS,BACILLALES,STAPHYLOCOCCACEAE,STAPHYLOCOCCUS,NAPELENSIS,,STAPHYLOCOCCUS NAPELENSIS
STAPHYLOCOCCUS PASTEURI,BACILLALES,STAPHYLOCOCCACEAE,STAPHYLOCOCCUS,PASTEURI,,STAPHYLOCOCCUS PASTEURI
STAPHYLOCOCCUS PETRASII,BACILLALES,STAPHYLOCOCCACEAE,STAPHYLOCOCCUS,PETRASII,,STAPHYLOCOCCUS PETRASII
STAPHYLOCOCCYS PETRASII,BACILLALES,STAPHYLOCOCCACEAE,STAPHYLOCOCCUS,PETRASII,,STAPHYLOCOCCUS PETRASII
STAPHYLOCOCCUS PETTENKOFERI,BACILLALES,STAPHYLOCOCCACEAE,STAPHYLOCOCCUS,PETTENKOFERI,,STAPHYLOCOCCUS PETTENKOFERI
STAPHYLOCOCCUS PSEUDINTERMEDIUS,BACILLALES,STAPHYLOCOCCACEAE,STAPHYLOCOCCUS,PSEUDINTERMEDIUS,,STAPHYLOCOCCUS PSEUDINTERMEDIUS
STAPHYLOCOCCUS SACCHAROLYTICUS,BACILLALES,STAPHYLOCOCCACEAE,STAPHYLOCOCCUS,SACCHAROLYTICUS,,STAPHYLOCOCCUS SACCHAROLYTICUS
STAPHYLOCOCCUS SAPROPHYTICUS,BACILLALES,STAPHYLOCOCCACEAE,STAPHYLOCOCCUS,SAPROPHYTICUS,,STAPHYLOCOCCUS SAPROPHYTICUS
STAPHYLOCOCCUS SCHLEIFERI,BACILLALES,STAPHYLOCOCCACEAE,STAPHYLOCOCCUS,SCHLEIFERI,,STAPHYLOCOCCUS SCHLEIFERI
STAPHYLOCOCCUS SCHLEIFERI SS COAGULANS,BACILLALES,STAPHYLOCOCCACEAE,STAPHYLOCOCCUS,SCHLEIFERI,COAGULANS,STAPHYLOCOCCUS SCHLEIFERI
STAPHYLOCOCCUS SCIURI,BACILLALES,STAPHYLOCOCCACEAE,STAPHYLOCOCCUS,SCIURI,,STAPHYLOCOCCUS SCIURI
STAPHYLOCOCCUS SIMULANS,BACILLALES,STAPHYLOCOCCACEAE,STAPHYLOCOCCUS,SIMULANS,,STAPHYLOCOCCUS SIMULANS
HEMOLYTIC STAPH SP,BACILLALES,STAPHYLOCOCCACEAE,STAPHYLOCOCCUS,SP,HEMOLYTIC,STAPHYLOCOCCUS SP
HEMOLYTIC STAPH SP,BACILLALES,STAPHYLOCOCCACEAE,STAPHYLOCOCCUS,SP,HEMOLYTIC,STAPHYLOCOCCUS SP
HEMOLYTIC STAPHYLOCOCCUSNOT STAPH AUREUS,BACILLALES,STAPHYLOCOCCACEAE,STAPHYLOCOCCUS,SP,HEMOLYTIC,STAPHYLOCOCCUS SP
COAGULASE NEGATIVE STAPHYLOCOCCI,BACILLALES,STAPHYLOCOCCACEAE,STAPHYLOCOCCUS,SP,COAGULASE NEGATIVE,STAPHYLOCOCCUS SP
COAGULASE NEGATIVE STAPHYLOCOCCUS,BACILLALES,STAPHYLOCOCCACEAE,STAPHYLOCOCCUS,SP,COAGULASE NEGATIVE,STAPHYLOCOCCUS SP
NONHEMOLYTIC STAPHYLOCOCCUS SP,BACILLALES,STAPHYLOCOCCACEAE,STAPHYLOCOCCUS,SP,,STAPHYLOCOCCUS SP
STAPHYLOCOCCUS SP,BACILLALES,STAPHYLOCOCCACEAE,STAPHYLOCOCCUS,SP,,STAPHYLOCOCCUS SP
STAPHYLOCCCUS SUCCINUS,BACILLALES,STAPHYLOCOCCACEAE,STAPHYLOCOCCUS,SUCCINUS,,STAPHYLOCOCCUS SUCCINUS
STAPHYLOCCUS SUCCINUS,BACILLALES,STAPHYLOCOCCACEAE,STAPHYLOCOCCUS,SUCCINUS,,STAPHYLOCOCCUS SUCCINUS
STAPHYLOCOCCUS SUCCINUS,BACILLALES,STAPHYLOCOCCACEAE,STAPHYLOCOCCUS,SUCCINUS,,STAPHYLOCOCCUS SUCCINUS
STAPHYLOCOCCUS VITULINUS,BACILLALES,STAPHYLOCOCCACEAE,STAPHYLOCOCCUS,VITULINUS,,STAPHYLOCOCCUS VITULINUS
STAPHYLOCOCCUS WARNERI,BACILLALES,STAPHYLOCOCCACEAE,STAPHYLOCOCCUS,WARNERI,,STAPHYLOCOCCUS WARNERI
STAPHYLOCOCCUS XYLOSUS,BACILLALES,STAPHYLOCOCCACEAE,STAPHYLOCOCCUS,XYLOSUS,,STAPHYLOCOCCUS XYLOSUS
BACTEROIDES SP,BACTEROIDALES,BACTEROIDACEAE,BACTEROIDES,SP,,BACTEROIDES SP
BASIDIOBOLUS SP,BASIDIOBOLALES,BASIDIOBOLACEAE,BASIDIOBOLUS,SP,,BASIDIOBOLUS SP
ALLOSCARDOVIA OMNICOLENS,BIFIDOBACTERIALES,BIFIDOBACTERIACEAE,ALLOSCARDOVIA,OMNICOLENS,,ALLOSCARDOVIA OMNICOLENS
BIFIDOBACTERIUM SP,BIFIDOBACTERIALES,BIFIDOBACTERIACEAE,BIFIDOBACTERIUM,SP,,BIFIDOBACTERIUM SP
ACHROMOBACTER DENITRIFICANS,BURKHOLDERIALES,ALCALIGENACEAE,ACHROMOBACTER,DENITRIFICANS,,ACHROMOBACTER DENITRIFICANS
ACHROMOBACTER SP,BURKHOLDERIALES,ALCALIGENACEAE,ACHROMOBACTER,SP,,ACHROMOBACTER SP
ACHROMOBACTER XYLOSOXIDANS,BURKHOLDERIALES,ALCALIGENACEAE,ACHROMOBACTER,XYLOSOXIDANS,,ACHROMOBACTER XYLOSOXIDANS
ALCALIGENES FAECALIS,BURKHOLDERIALES,ALCALIGENACEAE,ALCALIGENES,FAECALIS,,ALCALIGENES FAECALIS
ALCALIGENES FAECALIS SSP FAECALIS,BURKHOLDERIALES,ALCALIGENACEAE,ALCALIGENES,FAECALIS,,ALCALIGENES FAECALIS
ALCALIGENES FAECALISSSP FAECALIS,BURKHOLDERIALES,ALCALIGENACEAE,ALCALIGENES,FAECALIS,,ALCALIGENES FAECALIS
ALCALIGENES SP,BURKHOLDERIALES,ALCALIGENACEAE,ALCALIGENES,SP,,ALCALIGENES SP
BORDETELLA AVIUM,BURKHOLDERIALES,ALCALIGENACEAE,BORDETELLA,AVIUM,,BORDETELLA AVIUM
BORDETELLA BRONCHISEPTICA,BURKHOLDERIALES,ALCALIGENACEAE,BORDETELLA,BRONCHISEPTICA,,BORDETELLA BRONCHISEPTICA
BORDETELLA HINZII,BURKHOLDERIALES,ALCALIGENACEAE,BORDETELLA,HINZII,,BORDETELLA HINZII
BORDETELLA PARAPERTUSSIS,BURKHOLDERIALES,ALCALIGENACEAE,BORDETELLA,PARAPERTUSSIS,,BORDETELLA PARAPERTUSSIS
BORDETELLA SP,BURKHOLDERIALES,ALCALIGENACEAE,BORDETELLA,SP,,BORDETELLA SP
KERSTERSIA GYIORUM,BURKHOLDERIALES,ALCALIGENACEAE,KERSTERSIA,GYIORUM,,KERSTERSIA GYIORUM
OLIGELLA SP,BURKHOLDERIALES,ALCALIGENACEAE,OLIGELLA,SP,,OLIGELLA SP
OLIGELLA SP,BURKHOLDERIALES,ALCALIGENACEAE,OLIGELLA,SP,,OLIGELLA SP
OLIGELLA UREOLYTICA,BURKHOLDERIALES,ALCALIGENACEAE,OLIGELLA,UREOLYTICA,,OLIGELLA UREOLYTICA
OLIGELLA URETHRALIS,BURKHOLDERIALES,ALCALIGENACEAE,OLIGELLA,URETHRALIS,,OLIGELLA URETHRALIS
BURKHODERIA CENOCEPACIA,BURKHOLDERIALES,BURKHOLDERIACEAE,BURKHOLDERIA,CENOCEPACIA,,BURKHOLDERIA CENOCEPACIA
BURKHOLDERI CENOCEPACIA,BURKHOLDERIALES,BURKHOLDERIACEAE,BURKHOLDERIA,CENOCEPACIA,,BURKHOLDERIA CENOCEPACIA
BURKHOLDERIA CENOCEPACIA,BURKHOLDERIALES,BURKHOLDERIACEAE,BURKHOLDERIA,CENOCEPACIA,,BURKHOLDERIA CENOCEPACIA
BURKHOLDERIA CEPACIA,BURKHOLDERIALES,BURKHOLDERIACEAE,BURKHOLDERIA,CEPACIA,,BURKHOLDERIA CEPACIA
BURKHOLDERIA GLADIOLI,BURKHOLDERIALES,BURKHOLDERIACEAE,BURKHOLDERIA,GLADIOLI,,BURKHOLDERIA GLADIOLI
BURKHOLDERIA LATA,BURKHOLDERIALES,BURKHOLDERIACEAE,BURKHOLDERIA,LATA,,BURKHOLDERIA LATA
BURKHOLDERIA MULTIVORANS,BURKHOLDERIALES,BURKHOLDERIACEAE,BURKHOLDERIA,MULTIVORANS,,BURKHOLDERIA MULTIVORANS
BURKHOLDERIA SP,BURKHOLDERIALES,BURKHOLDERIACEAE,BURKHOLDERIA,SP,,BURKHOLDERIA SP
CUPRIAVIDUS PAUCULUS,BURKHOLDERIALES,BURKHOLDERIACEAE,CUPRIAVIDUS,PAUCULUS,,CUPRIAVIDUS PAUCULUS
CUPRIAVIDUS SP,BURKHOLDERIALES,BURKHOLDERIACEAE,CUPRIAVIDUS,SP,,CUPRIAVIDUS SP
PANDORAEA SPP,BURKHOLDERIALES,BURKHOLDERIACEAE,PANDORAEA,SPP,,PANDORAEA SPP
RALSTONIA INSIDIOSA,BURKHOLDERIALES,BURKHOLDERIACEAE,RALSTONIA,INSIDIOSA,,RALSTONIA INSIDIOSA
RALSTONIA PICKETTII,BURKHOLDERIALES,BURKHOLDERIACEAE,RALSTONIA,PICKETTII,,RALSTONIA PICKETTII
RALSTONIA SP,BURKHOLDERIALES,BURKHOLDERIACEAE,RALSTONIA,SP,,RALSTONIA SP
RALSTONIA SP,BURKHOLDERIALES,BURKHOLDERIACEAE,RALSTONIA,SP,,RALSTONIA SP
COMAMONAS SP,BURKHOLDERIALES,COMAMONADACEAE,COMAMONAS,SP,,COMAMONAS SP
COMAMONAS TESTOSTERONI,BURKHOLDERIALES,COMAMONADACEAE,COMAMONAS,TESTOSTERONI,,COMAMONAS TESTOSTERONI
DELFTIA ACIDOVORANS,BURKHOLDERIALES,COMAMONADACEAE,DELFTIA,ACIDOVORANS,,DELFTIA ACIDOVORANS
DELFITA SP,BURKHOLDERIALES,COMAMONADACEAE,DELFTIA,SP,,DELFTIA SP
DELFTIA SP,BURKHOLDERIALES,COMAMONADACEAE,DELFTIA,SP,,DELFTIA SP
MASSILIA SP,BURKHOLDERIALES,OXALOBACTERACEAE,MASSILIA,SP,,MASSILIA SP
MASSILIA SP,BURKHOLDERIALES,OXALOBACTERACEAE,MASSILIA,SP,,MASSILIA SP
MASSILIA SPP,BURKHOLDERIALES,OXALOBACTERACEAE,MASSILIA,SP,,MASSILIA SP
MASSILIA VARIANS,BURKHOLDERIALES,OXALOBACTERACEAE,MASSILIA,VARIANS,,MASSILIA VARIANS
CAMPYLOBACTER SP,CAMPYLOBACTERALES,CAMPYLOBACTERACEAE,CAMPYLOBACTER,SP,,CAMPYLOBACTER SP
CARDIOBACTERIUM SP,CARDIOBACTERIALES,CARDIOBACTERIACEAE,CARDIOBACTERIUM,SP,,CARDIOBACTERIUM SP
CARNOBACTERIUM DIVERGENS,CARDIOBACTERIALES,CARDIOBACTERIACEAE,CARNOBACTERIUM,DIVERGENS,,CARNOBACTERIUM DIVERGENS
IGNATZSCHINERIA INDICA,CARDIOBACTERIALES,IGNATZSCHINERIACEAE,IGNATZSCHINERIA,INDICA,,IGNATZSCHINERIA INDICA
BREVUNDIMONAS DIMINUTA,CAULOBACTERALES,CAULOBACTERACEAE,BREVUNDIMONAS,DIMINUTA,,BREVUNDIMONAS DIMINUTA
BREVUNDIMONAS SP,CAULOBACTERALES,CAULOBACTERACEAE,BREVUNDIMONAS,SP,,BREVUNDIMONAS SP
BREVUNDIMONAS VESICULARIS,CAULOBACTERALES,CAULOBACTERACEAE,BREVUNDIMONAS,VESICULARIS,,BREVUNDIMONAS VESICULARIS
AUREOBASIDIUM PULLULANS,DOTHIDEALES,SACCOTHECIACEAE,AUREOBASIDIUM,PULLULANS,,AUREOBASIDIUM PULLULANS
AUREROBASIDIUM PULLULANS,DOTHIDEALES,SACCOTHECIACEAE,AUREOBASIDIUM,PULLULANS,,AUREOBASIDIUM PULLULANS
SHEWANELLA ALGAE,DOTHIDEALES,SHEWANELLACEAE,SHEWANELLA,ALGAE,,SHEWANELLA ALGAE
SHEWANELLA PUTREFACIENS,DOTHIDEALES,SHEWANELLACEAE,SHEWANELLA,PUTREFACIENS,,SHEWANELLA PUTREFACIENS
SHEWANELLA PUTREFACIENS GROUP,DOTHIDEALES,SHEWANELLACEAE,SHEWANELLA,PUTREFACIENS,GROUP,SHEWANELLA PUTREFACIENS
SHEWANELLA SP,DOTHIDEALES,SHEWANELLACEAE,SHEWANELLA,SP,,SHEWANELLA SP
BUTTIAUXELLA AGRESTIS,ENTEROBACTERALES,ENTEROBACTERIACEAE,BUTTIAUXELLA,AGRESTIS,,BUTTIAUXELLA AGRESTIS
BUTTIAUXELLA GAVINIAE,ENTEROBACTERALES,ENTEROBACTERIACEAE,BUTTIAUXELLA,GAVINIAE,,BUTTIAUXELLA GAVINIAE
BUTTIAUXELLA SP,ENTEROBACTERALES,ENTEROBACTERIACEAE,BUTTIAUXELLA,SP,,BUTTIAUXELLA SP
BUXTIAXELLA SP,ENTEROBACTERALES,ENTEROBACTERIACEAE,BUTTIAUXELLA,SP,,BUTTIAUXELLA SP
BUTTIAUXELLA SPP,ENTEROBACTERALES,ENTEROBACTERIACEAE,BUTTIAUXELLA,SP,,BUTTIAUXELLA SP
CEDECEA DAVISAE,ENTEROBACTERALES,ENTEROBACTERIACEAE,CEDECEA,DAVISAE,,CEDECEA DAVISAE
CEDECEA LAPAGEI,ENTEROBACTERALES,ENTEROBACTERIACEAE,CEDECEA,LAPAGEI,,CEDECEA LAPAGEI
CEDECEA NETERI,ENTEROBACTERALES,ENTEROBACTERIACEAE,CEDECEA,NETERI,,CEDECEA NETERI
CEDECEA SP,ENTEROBACTERALES,ENTEROBACTERIACEAE,CEDECEA,SP,,CEDECEA SP
CEDECEA SP,ENTEROBACTERALES,ENTEROBACTERIACEAE,CEDECEA,SP,,CEDECEA SP
CITROBACTER AMALONATICUS,ENTEROBACTERALES,ENTEROBACTERIACEAE,CITROBACTER,AMALONATICUS,,CITROBACTER AMALONATICUS
CITROBACTER BRAAKII,ENTEROBACTERALES,ENTEROBACTERIACEAE,CITROBACTER,BRAAKII,,CITROBACTER BRAAKII
CITROBACTER FARMERI,ENTEROBACTERALES,ENTEROBACTERIACEAE,CITROBACTER,FARMERI,,CITROBACTER FARMERI
CITROBACTER FREUNDII,ENTEROBACTERALES,ENTEROBACTERIACEAE,CITROBACTER,FREUNDII,,CITROBACTER FREUNDII
CITROBACTER KOSERI,ENTEROBACTERALES,ENTEROBACTERIACEAE,CITROBACTER,KOSERI,,CITROBACTER KOSERI
CITROBACTER SEDLAKII,ENTEROBACTERALES,ENTEROBACTERIACEAE,CITROBACTER,SEDLAKII,,CITROBACTER SEDLAKII
CITROBACTER SP,ENTEROBACTERALES,ENTEROBACTERIACEAE,CITROBACTER,SP,,CITROBACTER SP
CITROBACTER WERKMANII,ENTEROBACTERALES,ENTEROBACTERIACEAE,CITROBACTER,WERKMANII,,CITROBACTER WERKMANII
CITROBACTER YOUNGAE,ENTEROBACTERALES,ENTEROBACTERIACEAE,CITROBACTER,YOUNGAE,,CITROBACTER YOUNGAE
CRONOBACTER SAKAZAKII,ENTEROBACTERALES,ENTEROBACTERIACEAE,CRONOBACTER,SAKAZAKII,,CRONOBACTER SAKAZAKII
CRONOBACTER SAKAZAKII GROUP,ENTEROBACTERALES,ENTEROBACTERIACEAE,CRONOBACTER,SAKAZAKII,,CRONOBACTER SAKAZAKII
CRONOBACTER,ENTEROBACTERALES,ENTEROBACTERIACEAE,CRONOBACTER,SP,,CRONOBACTER SP
CRONOBACTER SP,ENTEROBACTERALES,ENTEROBACTERIACEAE,CRONOBACTER,SP,,CRONOBACTER SP
ENTEROBACTER AEROGENES,ENTEROBACTERALES,ENTEROBACTERIACEAE,ENTEROBACTER,AEROGENES,,ENTEROBACTER AEROGENES
ENTEROBACTER AMNIGENUS,ENTEROBACTERALES,ENTEROBACTERIACEAE,ENTEROBACTER,AMNIGENUS,,ENTEROBACTER AMNIGENUS
ENTEROBACTER ASBURIAE,ENTEROBACTERALES,ENTEROBACTERIACEAE,ENTEROBACTER,ASBURIAE,,ENTEROBACTER ASBURIAE
ENTEROBACTER BUGANDENSIS,ENTEROBACTERALES,ENTEROBACTERIACEAE,ENTEROBACTER,BUGANDENSIS,,ENTEROBACTER BUGANDENSIS
ENTEROBACTER CANCEROGENUS,ENTEROBACTERALES,ENTEROBACTERIACEAE,ENTEROBACTER,CANCEROGENUS,,ENTEROBACTER CANCEROGENUS
ENTEROBACTER CLOACAE,ENTEROBACTERALES,ENTEROBACTERIACEAE,ENTEROBACTER,CLOACAE,,ENTEROBACTER CLOACAE
ENTEROBACTER CLOACAE COMPLEX,ENTEROBACTERALES,ENTEROBACTERIACEAE,ENTEROBACTER,CLOACAE,COMPLEX,ENTEROBACTER CLOACAE
ENTEROBACTER CLOACAE SSP CLOACAE,ENTEROBACTERALES,ENTEROBACTERIACEAE,ENTEROBACTER,CLOACAE,,ENTEROBACTER CLOACAE
ENTEROBACTER GERGOVIAE,ENTEROBACTERALES,ENTEROBACTERIACEAE,ENTEROBACTER,GERGOVIAE,,ENTEROBACTER GERGOVIAE
ENTEROBACTER HORMAECHEI,ENTEROBACTERALES,ENTEROBACTERIACEAE,ENTEROBACTER,HORMAECHEI,,ENTEROBACTER HORMAECHEI
ENTEROBACTER SP,ENTEROBACTERALES,ENTEROBACTERIACEAE,ENTEROBACTER,SP,,ENTEROBACTER SP
ESCHERICHIA ALBERTI,ENTEROBACTERALES,ENTEROBACTERIACEAE,ESCHERICHIA,ALBERTI,,ESCHERICHIA ALBERTI
E COLI,ENTEROBACTERALES,ENTEROBACTERIACEAE,ESCHERICHIA,COLI,,ESCHERICHIA COLI
ESCHERICHIA FERGUSONII,ENTEROBACTERALES,ENTEROBACTERIACEAE,ESCHERICHIA,FERGUSONII,,ESCHERICHIA FERGUSONII
ESCHERICHIA HERMANNII,ENTEROBACTERALES,ENTEROBACTERIACEAE,ESCHERICHIA,HERMANNII,,ESCHERICHIA HERMANNII
ESCHERICHIA SP,ENTEROBACTERALES,ENTEROBACTERIACEAE,ESCHERICHIA,SP,,ESCHERICHIA SP
ESCHERICHIA VULNERIS,ENTEROBACTERALES,ENTEROBACTERIACEAE,ESCHERICHIA,VULNERIS,,ESCHERICHIA VULNERIS
KLEB AEROGENES,ENTEROBACTERALES,ENTEROBACTERIACEAE,KLEBSIELLA,AEROGENES,,KLEBSIELLA AEROGENES
KLEBSIELLA AEROGENES,ENTEROBACTERALES,ENTEROBACTERIACEAE,KLEBSIELLA,AEROGENES,,KLEBSIELLA AEROGENES
KLEBSIELLA AROGENES,ENTEROBACTERALES,ENTEROBACTERIACEAE,KLEBSIELLA,AEROGENES,,KLEBSIELLA AEROGENES
KLEBSIELLS AEROGENES,ENTEROBACTERALES,ENTEROBACTERIACEAE,KLEBSIELLA,AEROGENES,,KLEBSIELLA AEROGENES
KLEBSIELLA OXYTOCA,ENTEROBACTERALES,ENTEROBACTERIACEAE,KLEBSIELLA,OXYTOCA,,KLEBSIELLA OXYTOCA
KLEBSIELLA OZAENAE,ENTEROBACTERALES,ENTEROBACTERIACEAE,KLEBSIELLA,OZAENAE,,KLEBSIELLA OZAENAE
KLEBSIELLA PNEUMONIAE,ENTEROBACTERALES,ENTEROBACTERIACEAE,KLEBSIELLA,PNEUMONIAE,,KLEBSIELLA PNEUMONIAE
KLEBSIELLA PNEUMONIAE SSP OZAENAE,ENTEROBACTERALES,ENTEROBACTERIACEAE,KLEBSIELLA,PNEUMONIAE,OZAENAE,KLEBSIELLA PNEUMONIAE
KLEBSIELLA PNEUMONIAE SSP PNEUMONIAE,ENTEROBACTERALES,ENTEROBACTERIACEAE,KLEBSIELLA,PNEUMONIAE,PNEUMONIAE,KLEBSIELLA PNEUMONIAE
KLEBSIELLA PNEUMONIAE SSP RHINOSCLEROMATIS,ENTEROBACTERALES,ENTEROBACTERIACEAE,KLEBSIELLA,PNEUMONIAE,RHINOSCLEROMATIS,KLEBSIELLA PNEUMONIAE
KLEBSIELLA PNEUMONIAESSP OZAENAE,ENTEROBACTERALES,ENTEROBACTERIACEAE,KLEBSIELLA,PNEUMONIAE,OZAENAE,KLEBSIELLA PNEUMONIAE
KLEBSIELLA SP,ENTEROBACTERALES,ENTEROBACTERIACEAE,KLEBSIELLA,SP,,KLEBSIELLA SP
KLEBSIELLA VARIICOLA,ENTEROBACTERALES,ENTEROBACTERIACEAE,KLEBSIELLA,VARIICOLA,,KLEBSIELLA VARIICOLA
KLUYVERA ASCORBATA,ENTEROBACTERALES,ENTEROBACTERIACEAE,KLUYVERA,ASCORBATA,,KLUYVERA ASCORBATA
KLUYVERA CRYOCRESCENS,ENTEROBACTERALES,ENTEROBACTERIACEAE,KLUYVERA,CRYOCRESCENS,,KLUYVERA CRYOCRESCENS
KLUYVERA INTERMEDIA,ENTEROBACTERALES,ENTEROBACTERIACEAE,KLUYVERA,INTERMEDIA,,KLUYVERA INTERMEDIA
KLULYVERA SP,ENTEROBACTERALES,ENTEROBACTERIACEAE,KLUYVERA,SP,,KLUYVERA SP
KLUYVERA SP,ENTEROBACTERALES,ENTEROBACTERIACEAE,KLUYVERA,SP,,KLUYVERA SP
KOSAKONIA COWANII,ENTEROBACTERALES,ENTEROBACTERIACEAE,KOSAKONIA,COWANII,,KOSAKONIA COWANII
LECLERCIA ADECARBOXYLATA,ENTEROBACTERALES,ENTEROBACTERIACEAE,LECLERCIA,ADECARBOXYLATA,,LECLERCIA ADECARBOXYLATA
LECLERCIA SP,ENTEROBACTERALES,ENTEROBACTERIACEAE,LECLERCIA,SP,,LECLERCIA SP
LECLERCIA SP,ENTEROBACTERALES,ENTEROBACTERIACEAE,LECLERCIA,SP,,LECLERCIA SP
LEIFSONIA AQUATICA,ENTEROBACTERALES,ENTEROBACTERIACEAE,LEIFSONIA,AQUATICA,,LEIFSONIA AQUATICA
LELLIOTIA AMNIGENA,ENTEROBACTERALES,ENTEROBACTERIACEAE,LELLIOTTIA,AMNIGENA,,LELLIOTTIA AMNIGENA
LELLIOTTIA AMNIGENA,ENTEROBACTERALES,ENTEROBACTERIACEAE,LELLIOTTIA,AMNIGENA,,LELLIOTTIA AMNIGENA
LELLIOTTIA SP,ENTEROBACTERALES,ENTEROBACTERIACEAE,LELLIOTTIA,SP,,LELLIOTTIA SP
PLESIOMONAS SHIGELLOIDES,ENTEROBACTERALES,ENTEROBACTERIACEAE,PLESIOMONAS,SHIGELLOIDES,,PLESIOMONAS SHIGELLOIDES
PLURALIBACTER GERGOVIAE,ENTEROBACTERALES,ENTEROBACTERIACEAE,PLURALIBACTER,GERGOVIAE,,PLURALIBACTER GERGOVIAE
PLURALIBACTER SP,ENTEROBACTERALES,ENTEROBACTERIACEAE,PLURALIBACTER,SP,,PLURALIBACTER SP
PLURALIBACTER,ENTEROBACTERALES,ENTEROBACTERIACEAE,PLURALIBACTER,,,PLURALIBACTER 
PSEUDESCHERICHIA SPP,ENTEROBACTERALES,ENTEROBACTERIACEAE,PSEUDESCHERICHIA,SP,,PSEUDESCHERICHIA SP
RAOULTELLA ORNITHINOLYTICA,ENTEROBACTERALES,ENTEROBACTERIACEAE,RAOULTELLA,ORNITHINOLYTICA,,RAOULTELLA ORNITHINOLYTICA
RAOULTELLA PLANTICOLA,ENTEROBACTERALES,ENTEROBACTERIACEAE,RAOULTELLA,PLANTICOLA,,RAOULTELLA PLANTICOLA
RAOULTELLA,ENTEROBACTERALES,ENTEROBACTERIACEAE,RAOULTELLA,SP,,RAOULTELLA SP
RAOULTELLA SP,ENTEROBACTERALES,ENTEROBACTERIACEAE,RAOULTELLA,SP,,RAOULTELLA SP
RAOULTELLA TERRIGENA,ENTEROBACTERALES,ENTEROBACTERIACEAE,RAOULTELLA,TERRIGENA,,RAOULTELLA TERRIGENA
SALMONELLA ENTERICA SSP ARIZONAE,ENTEROBACTERALES,ENTEROBACTERIACEAE,SALMONELLA,ENTERICA,ARIZONAE,SALMONELLA ENTERICA
SALMONELLA ENTERICA SSP ENTERICA,ENTEROBACTERALES,ENTEROBACTERIACEAE,SALMONELLA,ENTERICA,ENTERICA,SALMONELLA ENTERICA
SALMONELLA GROUP,ENTEROBACTERALES,ENTEROBACTERIACEAE,SALMONELLA,SP,GROUP,SALMONELLA SP
SALMONELLA SP,ENTEROBACTERALES,ENTEROBACTERIACEAE,SALMONELLA,SP,,SALMONELLA SP
SHIGELLA DYSENTERIAE,ENTEROBACTERALES,ENTEROBACTERIACEAE,SHIGELLA,DYSENTERIAE,,SHIGELLA DYSENTERIAE
SHIGELLA GROUP,ENTEROBACTERALES,ENTEROBACTERIACEAE,SHIGELLA,SP,GROUP,SHIGELLA SP
SHIGELLA SP,ENTEROBACTERALES,ENTEROBACTERIACEAE,SHIGELLA,SP,,SHIGELLA SP
YOKENELLA REGENSBURGEI,ENTEROBACTERALES,ENTEROBACTERIACEAE,YOKENELLA,REGENSBURGEI,,YOKENELLA REGENSBURGEI
YOKENELLA SP,ENTEROBACTERALES,ENTEROBACTERIACEAE,YOKENELLA,SP,,YOKENELLA SP
ERWINIA SP,ENTEROBACTERALES,ERWINIACEAE,ERWINIA,SP,,ERWINIA SP
MIXTA CALIDA,ENTEROBACTERALES,ERWINIACEAE,MIXTA,CALIDA,,MIXTA CALIDA
PANTOEA AGGLOMERANS,ENTEROBACTERALES,ERWINIACEAE,PANTOEA,AGGLOMERANS,,PANTOEA AGGLOMERANS
PANTOEA ANANATIS,ENTEROBACTERALES,ERWINIACEAE,PANTOEA,ANANATIS,,PANTOEA ANANATIS
PANTOEA DISPERSA,ENTEROBACTERALES,ERWINIACEAE,PANTOEA,DISPERSA,,PANTOEA DISPERSA
PANTOEA SP,ENTEROBACTERALES,ERWINIACEAE,PANTOEA,SP,,PANTOEA SP
PANTOEA SPP,ENTEROBACTERALES,ERWINIACEAE,PANTOEA,SP,,PANTOEA SP
EDWARDSIELLA SP,ENTEROBACTERALES,HAFNIACEAE,EDWARDSIELLA,SP,,EDWARDSIELLA SP
EDWARDSIELLA TARDA,ENTEROBACTERALES,HAFNIACEAE,EDWARDSIELLA,TARDA,,EDWARDSIELLA TARDA
HAFNIA ALVEI,ENTEROBACTERALES,HAFNIACEAE,HAFNIA,ALVEI,,HAFNIA ALVEI
HAFNIA SP,ENTEROBACTERALES,HAFNIACEAE,HAFNIA,SP,,HAFNIA SP
MOELLERELLA WISCONSENSIS,ENTEROBACTERALES,MORGANELLACEAE,MOELLERELLA,WISCONSENSIS,,MOELLERELLA WISCONSENSIS
MORGANELLA MORGANII,ENTEROBACTERALES,MORGANELLACEAE,MORGANELLA,MORGANII,,MORGANELLA MORGANII
MORGANELLA MORGANII SSP MORGANII,ENTEROBACTERALES,MORGANELLACEAE,MORGANELLA,MORGANII,MORGANII,MORGANELLA MORGANII
MORGANELLA MORGANII SSP SIBONII,ENTEROBACTERALES,MORGANELLACEAE,MORGANELLA,MORGANII,SIBONII,MORGANELLA MORGANII
MORGANELLA MORGANII SSPMORGANII,ENTEROBACTERALES,MORGANELLACEAE,MORGANELLA,MORGANII,MORGANII,MORGANELLA MORGANII
MORGANELLA MORGANIISSP SIBONII,ENTEROBACTERALES,MORGANELLACEAE,MORGANELLA,MORGANII,SIBONII,MORGANELLA MORGANII
MORGANELLA SP,ENTEROBACTERALES,MORGANELLACEAE,MORGANELLA,SP,,MORGANELLA SP
PROTEUS HAUSERI,ENTEROBACTERALES,MORGANELLACEAE,PROTEUS,HAUSERI,,PROTEUS HAUSERI
PROTEUS MIRABILIS,ENTEROBACTERALES,MORGANELLACEAE,PROTEUS,MIRABILIS,,PROTEUS MIRABILIS
PROTEUS PENNERI,ENTEROBACTERALES,MORGANELLACEAE,PROTEUS,PENNERI,,PROTEUS PENNERI
PROTEUS SP,ENTEROBACTERALES,MORGANELLACEAE,PROTEUS,SP,,PROTEUS SP
PROTEUS VULGARIS,ENTEROBACTERALES,MORGANELLACEAE,PROTEUS,VULGARIS,,PROTEUS VULGARIS
PROVIDENCIA ALCALIFACIENS,ENTEROBACTERALES,MORGANELLACEAE,PROVIDENCIA,ALCALIFACIENS,,PROVIDENCIA ALCALIFACIENS
PROVIDENCIA RETTGERI,ENTEROBACTERALES,MORGANELLACEAE,PROVIDENCIA,RETTGERI,,PROVIDENCIA RETTGERI
PROVIDENCIA RUSTIGIANII,ENTEROBACTERALES,MORGANELLACEAE,PROVIDENCIA,RUSTIGIANII,,PROVIDENCIA RUSTIGIANII
PROVIDENCIA SP,ENTEROBACTERALES,MORGANELLACEAE,PROVIDENCIA,SP,,PROVIDENCIA SP
PROVIDENCIA STUARTII,ENTEROBACTERALES,MORGANELLACEAE,PROVIDENCIA,STUARTII,,PROVIDENCIA STUARTII
BRENNERIA QUERCINA,ENTEROBACTERALES,PECTOBACTERIACEAE,BRENNERIA,QUERCINA,,BRENNERIA QUERCINA
EWINGELLA AMERICANA,ENTEROBACTERALES,YERSINIACEAE,EWINGELLA,AMERICANA,,EWINGELLA AMERICANA
EWINGELLA SP,ENTEROBACTERALES,YERSINIACEAE,EWINGELLA,SP,,EWINGELLA SP
RAHNELLA SP,ENTEROBACTERALES,YERSINIACEAE,RAHNELLA,SP,,RAHNELLA SP
ROUIXELLA CHAMBERIENSIS,ENTEROBACTERALES,YERSINIACEAE,ROUXIELLA,CHAMBERIENSIS,,ROUXIELLA CHAMBERIENSIS
ROUXIELLA CHAMBERIENSIS,ENTEROBACTERALES,YERSINIACEAE,ROUXIELLA,CHAMBERIENSIS,,ROUXIELLA CHAMBERIENSIS
ROUXIELLA SP,ENTEROBACTERALES,YERSINIACEAE,ROUXIELLA,SP,,ROUXIELLA SP
SERRATIA FICARIA,ENTEROBACTERALES,YERSINIACEAE,SERRATIA,FICARIA,,SERRATIA FICARIA
SERRATIA FONTICOLA,ENTEROBACTERALES,YERSINIACEAE,SERRATIA,FONTICOLA,,SERRATIA FONTICOLA
SERRATIA GRIMESII,ENTEROBACTERALES,YERSINIACEAE,SERRATIA,GRIMESII,,SERRATIA GRIMESII
SERRATIA LIQUEFACIENS,ENTEROBACTERALES,YERSINIACEAE,SERRATIA,LIQUEFACIENS,,SERRATIA LIQUEFACIENS
SERRATIA LIQUEFACIENS GROUP,ENTEROBACTERALES,YERSINIACEAE,SERRATIA,LIQUEFACIENS,GROUP,SERRATIA LIQUEFACIENS
SERRATIA MARCESCENS,ENTEROBACTERALES,YERSINIACEAE,SERRATIA,MARCESCENS,,SERRATIA MARCESCENS
SERRATIA ODORIFERA,ENTEROBACTERALES,YERSINIACEAE,SERRATIA,ODORIFERA,,SERRATIA ODORIFERA
SERRATIA PLYMUTHICA,ENTEROBACTERALES,YERSINIACEAE,SERRATIA,PLYMUTHICA,,SERRATIA PLYMUTHICA
SERRATIA PROTEAMACULANS,ENTEROBACTERALES,YERSINIACEAE,SERRATIA,PROTEAMACULANS,,SERRATIA PROTEAMACULANS
SERRATIA RUBIDAE,ENTEROBACTERALES,YERSINIACEAE,SERRATIA,RUBIDAEA,,SERRATIA RUBIDAEA
SERRATIA RUBIDAEA,ENTEROBACTERALES,YERSINIACEAE,SERRATIA,RUBIDAEA,,SERRATIA RUBIDAEA
SERRATIA SP,ENTEROBACTERALES,YERSINIACEAE,SERRATIA,SP,,SERRATIA SP
SERRATIA UREILYTICA,ENTEROBACTERALES,YERSINIACEAE,SERRATIA,UREILYTICA,,SERRATIA UREILYTICA
YERSINIA ALDOVAE,ENTEROBACTERALES,YERSINIACEAE,YERSINIA,ALDOVAE,,YERSINIA ALDOVAE
YERSINIA ENTEROCOLITICA,ENTEROBACTERALES,YERSINIACEAE,YERSINIA,ENTEROCOLITICA,,YERSINIA ENTEROCOLITICA
YERSINIA ENTEROCOLITICA GROUP,ENTEROBACTERALES,YERSINIACEAE,YERSINIA,ENTEROCOLITICA,GROUP,YERSINIA ENTEROCOLITICA
YERSINIA FREDERIKSENII,ENTEROBACTERALES,YERSINIACEAE,YERSINIA,FREDERIKSENII,,YERSINIA FREDERIKSENII
YERSINIA FREDERIKSONII,ENTEROBACTERALES,YERSINIACEAE,YERSINIA,FREDERIKSENII,,YERSINIA FREDERIKSENII
YERSINIA INTERMEDIA,ENTEROBACTERALES,YERSINIACEAE,YERSINIA,INTERMEDIA,,YERSINIA INTERMEDIA
YERSINIA KRISTENSENII,ENTEROBACTERALES,YERSINIACEAE,YERSINIA,KRISTENSENII,,YERSINIA KRISTENSENII
YERSINIA PSEUDOTUBERCULOSIS,ENTEROBACTERALES,YERSINIACEAE,YERSINIA,PSEUDOTUBERCULOSIS,,YERSINIA PSEUDOTUBERCULOSIS
YERSINIA RUCKERI,ENTEROBACTERALES,YERSINIACEAE,YERSINIA,RUCKERI,,YERSINIA RUCKERI
YERSINIA SP,ENTEROBACTERALES,YERSINIACEAE,YERSINIA,SP,,YERSINIA SP
CONIDIOBOLUS SP,ENTOMOPHTHORALES,ANCYLISTACEAE,CONIDIOBOLUS,SP,,CONIDIOBOLUS SP
ERYSIPELOTHRIX RHUSIOPATHIAE,ERYSIPELOTRICHALES,ERYSIPELOTRICHACEAE,ERYSIPELOTHRIX,RHUSIOPATHIAE,,ERYSIPELOTHRIX RHUSIOPATHIAE
CLOSTRIDIUM HISTOLYTICA,EUBACTERIALES,CLOSTRIDIACEAE,CLOSTRIDIUM,HISTOLYTICA,,CLOSTRIDIUM HISTOLYTICA
CLOSTRIDIUM PERFRINGENS,EUBACTERIALES,CLOSTRIDIACEAE,CLOSTRIDIUM,PERFRINGENS,,CLOSTRIDIUM PERFRINGENS
CLOSTRIDIUM SP,EUBACTERIALES,CLOSTRIDIACEAE,CLOSTRIDIUM,SP,,CLOSTRIDIUM SP
PEPTOSTREPTOCOCCUS SP,EUBACTERIALES,PEPTOSTREPTOCOCCACEAE,PEPTOSTREPTOCOCCUS,SP,,PEPTOSTREPTOCOCCUS SP
ASPERGILLUS SP,EUROTIALES,ASPERGILLACEAE,ASPERGILLUS,SP,,ASPERGILLUS SP
PENICILLIUM SP,EUROTIALES,ASPERGILLACEAE,PENICILLIUM,SP,,PENICILLIUM SP
PAECILOMYCES SP,EUROTIALES,THERMOASCACEAE,PAECILOMYCES,SP,,PAECILOMYCES SP
CAPNOCYTOPHAGA SP,FLAVOBACTERIALES,FLAVOBACTERIACEAE,CAPNOCYTOPHAGA,SP,,CAPNOCYTOPHAGA SP
FLAVOBACTERIUM LINDANITOLERANS,FLAVOBACTERIALES,FLAVOBACTERIACEAE,FLAVOBACTERIUM,LINDANITOLERANS,,FLAVOBACTERIUM LINDANITOLERANS
FLAVOBACTERIUM SP,FLAVOBACTERIALES,FLAVOBACTERIACEAE,FLAVOBACTERIUM,SP,,FLAVOBACTERIUM SP
MYROIDES SP,FLAVOBACTERIALES,FLAVOBACTERIACEAE,MYROIDES,SP,,MYROIDES SP
BERGEYELLA SP,FLAVOBACTERIALES,WEEKSELLACEAE,BERGEYELLA,SP,,BERGEYELLA SP
BERGEYELLA SP,FLAVOBACTERIALES,WEEKSELLACEAE,BERGEYELLA,SP,,BERGEYELLA SP
BERGYELLA SP,FLAVOBACTERIALES,WEEKSELLACEAE,BERGEYELLA,SP,,BERGEYELLA SP
BEGEYELLA ZOOHELCUM,FLAVOBACTERIALES,WEEKSELLACEAE,BERGEYELLA,ZOOHELCUM,,BERGEYELLA ZOOHELCUM
BERGEYELLA ZOOHELCAM,FLAVOBACTERIALES,WEEKSELLACEAE,BERGEYELLA,ZOOHELCUM,,BERGEYELLA ZOOHELCUM
BERGEYELLA ZOOHELCUM,FLAVOBACTERIALES,WEEKSELLACEAE,BERGEYELLA,ZOOHELCUM,,BERGEYELLA ZOOHELCUM
BERGEYELLLA ZOOHELCUM,FLAVOBACTERIALES,WEEKSELLACEAE,BERGEYELLA,ZOOHELCUM,,BERGEYELLA ZOOHELCUM
BERGEYLLA ZOOHELCUM,FLAVOBACTERIALES,WEEKSELLACEAE,BERGEYELLA,ZOOHELCUM,,BERGEYELLA ZOOHELCUM
ELIZABETHKINGIA MENINGOSEPTICA,FLAVOBACTERIALES,WEEKSELLACEAE,ELIZABETHKINGIA,MENINGOSEPTICA,,ELIZABETHKINGIA MENINGOSEPTICA
ELIZABETHKINGIA MIRICOLA,FLAVOBACTERIALES,WEEKSELLACEAE,ELIZABETHKINGIA,MIRICOLA,,ELIZABETHKINGIA MIRICOLA
ELIZABETHKINGIA SP,FLAVOBACTERIALES,WEEKSELLACEAE,ELIZABETHKINGIA,SP,,ELIZABETHKINGIA SP
EMPEDOBACTER BREVIS,FLAVOBACTERIALES,WEEKSELLACEAE,EMPEDOBACTER,BREVIS,,EMPEDOBACTER BREVIS
EMPEDOBACTER SP,FLAVOBACTERIALES,WEEKSELLACEAE,EMPEDOBACTER,SP,,EMPEDOBACTER SP
EMPEDOBACTER SP,FLAVOBACTERIALES,WEEKSELLACEAE,EMPEDOBACTER,SP,,EMPEDOBACTER SP
REIMERELLA COLUMBINA,FLAVOBACTERIALES,WEEKSELLACEAE,RIEMERELLA,COLUMBINA,,RIEMERELLA COLUMBINA
WAUTERSIELLA FALSENII,FLAVOBACTERIALES,WEEKSELLACEAE,WAUTERSIELLA,FALSENII,,WAUTERSIELLA FALSENII
WEEKSELLA SP,FLAVOBACTERIALES,WEEKSELLACEAE,WEEKSELLA,SP,,WEEKSELLA SP
FUSOBACTERIUM SP,FUSOBACTERIALES,FUSOBACTERIACEAE,FUSOBACTERIUM,SP,,FUSOBACTERIUM SP
OCHROBACTRUM ANTHROPI,HYPHOMICROBIALES,BRUCELLACEAE,OCHROBACTRUM,ANTHROPI,,OCHROBACTRUM ANTHROPI
OCHROBACTERIUM INTERMEDIUM,HYPHOMICROBIALES,BRUCELLACEAE,OCHROBACTRUM,INTERMEDIUM,,OCHROBACTRUM INTERMEDIUM
OCHROBACTRUM INTERMEDIUM,HYPHOMICROBIALES,BRUCELLACEAE,OCHROBACTRUM,INTERMEDIUM,,OCHROBACTRUM INTERMEDIUM
OCHROBACTRUM INTERMEDUIM,HYPHOMICROBIALES,BRUCELLACEAE,OCHROBACTRUM,INTERMEDUIM,,OCHROBACTRUM INTERMEDUIM
OCHROBACTERIUIM SP,HYPHOMICROBIALES,BRUCELLACEAE,OCHROBACTRUM,SP,,OCHROBACTRUM SP
OCHROBACTERUM SP,HYPHOMICROBIALES,BRUCELLACEAE,OCHROBACTRUM,SP,,OCHROBACTRUM SP
OCHROBACTRUM SP,HYPHOMICROBIALES,BRUCELLACEAE,OCHROBACTRUM,SP,,OCHROBACTRUM SP
OCHROCBACTRUM SP,HYPHOMICROBIALES,BRUCELLACEAE,OCHROBACTRUM,SP,,OCHROBACTRUM SP
OCHROMOBACTRUM SP,HYPHOMICROBIALES,BRUCELLACEAE,OCHROBACTRUM,SP,,OCHROBACTRUM SP
AQUAMICROBIUM LUSATIENSE,HYPHOMICROBIALES,PHYLLOBACTERIACEAE,AQUAMICROBIUM,LUSATIENSE,,AQUAMICROBIUM LUSATIENSE
RHIZOBIUM LARRYMOOREI,HYPHOMICROBIALES,RHIZOBIACEAE,RHIZOBIUM,LARRYMOOREI,,RHIZOBIUM LARRYMOOREI
RHIZOBIUM RADIOBACTER,HYPHOMICROBIALES,RHIZOBIACEAE,RHIZOBIUM,RADIOBACTER,,RHIZOBIUM RADIOBACTER
RHIZOBIUM SP,HYPHOMICROBIALES,RHIZOBIACEAE,RHIZOBIUM,SP,,RHIZOBIUM SP
RHIZOBIUM SP,HYPHOMICROBIALES,RHIZOBIACEAE,RHIZOBIUM,SP,,RHIZOBIUM SP
TRICHODERMA SP,HYPOCREALES,HYPOCREACEAE,TRICHODERMA,SP,,TRICHODERMA SP
FUSARIUM SP,HYPOCREALES,NECTRIACEAE,FUSARIUM,SP,,FUSARIUM SP
STREPTOMYCES SP,KITASATOSPORALES,STREPTOMYCETACEAE,STREPTOMYCES,SP,,STREPTOMYCES SP
AEROCOCCUS SPP,LACTOBACILLALES,AEROCOCCACEAE,AEROCOCCUS,SP,,AEROCOCCUS SP
AEROCOCCUS VIRIDANS,LACTOBACILLALES,AEROCOCCACEAE,AEROCOCCUS,VIRIDANS,,AEROCOCCUS VIRIDANS
IGNAVIGRANUM SP,LACTOBACILLALES,AEROCOCCACEAE,IGNAVIGRANUM,SP,,IGNAVIGRANUM SP
ALLOIOCOCCUS OTITIS,LACTOBACILLALES,CARNOBACTERIACEAE,ALLOIOCOCCUS,OTITIS,,ALLOIOCOCCUS OTITIS
ALLOIOCOCCUS SP,LACTOBACILLALES,CARNOBACTERIACEAE,ALLOIOCOCCUS,SP,,ALLOIOCOCCUS SP
ENTEROCOCCUS AQUIMARINUS,LACTOBACILLALES,ENTEROCOCCACEAE,ENTEROCOCCUS,AQUIMARINUS,,ENTEROCOCCUS AQUIMARINUS
ENTEROCOCCUS AVIUM,LACTOBACILLALES,ENTEROCOCCACEAE,ENTEROCOCCUS,AVIUM,,ENTEROCOCCUS AVIUM
ENTEROCOCCUS CANINTESTINI,LACTOBACILLALES,ENTEROCOCCACEAE,ENTEROCOCCUS,CANINTESTINI,,ENTEROCOCCUS CANINTESTINI
ENTEROCOCCUS CANIS,LACTOBACILLALES,ENTEROCOCCACEAE,ENTEROCOCCUS,CANIS,,ENTEROCOCCUS CANIS
ENTEROCOCCUS CASSELIFLAVUS,LACTOBACILLALES,ENTEROCOCCACEAE,ENTEROCOCCUS,CASSELIFLAVUS,,ENTEROCOCCUS CASSELIFLAVUS
ENTEROCOCCUS CECORUM,LACTOBACILLALES,ENTEROCOCCACEAE,ENTEROCOCCUS,CECORUM,,ENTEROCOCCUS CECORUM
ENTEROCOCCUS DURANS,LACTOBACILLALES,ENTEROCOCCACEAE,ENTEROCOCCUS,DURANS,,ENTEROCOCCUS DURANS
ENTEROCOCCUS FAECALIS,LACTOBACILLALES,ENTEROCOCCACEAE,ENTEROCOCCUS,FAECALIS,,ENTEROCOCCUS FAECALIS
ENTEROCOCCUS FAECIUM,LACTOBACILLALES,ENTEROCOCCACEAE,ENTEROCOCCUS,FAECIUM,,ENTEROCOCCUS FAECIUM
ENTEROCOCCUS GALLINARUM,LACTOBACILLALES,ENTEROCOCCACEAE,ENTEROCOCCUS,GALLINARUM,,ENTEROCOCCUS GALLINARUM
ENTEROCOCCUS HIRAE,LACTOBACILLALES,ENTEROCOCCACEAE,ENTEROCOCCUS,HIRAE,,ENTEROCOCCUS HIRAE
ENTEROCOCCUS MIRIP,LACTOBACILLALES,ENTEROCOCCACEAE,ENTEROCOCCUS,MIRIP,,ENTEROCOCCUS MIRIP
ENTEROCOCCUS MORAVIENSIS,LACTOBACILLALES,ENTEROCOCCACEAE,ENTEROCOCCUS,MORAVIENSIS,,ENTEROCOCCUS MORAVIENSIS
ENTEROCOCCUS MUNDTII,LACTOBACILLALES,ENTEROCOCCACEAE,ENTEROCOCCUS,MUNDTII,,ENTEROCOCCUS MUNDTII
ENTEROCOCCUS PHOENICULICOLA,LACTOBACILLALES,ENTEROCOCCACEAE,ENTEROCOCCUS,PHOENICULICOLA,,ENTEROCOCCUS PHOENICULICOLA
ENTEROCOCCUS RAFFINOSUS,LACTOBACILLALES,ENTEROCOCCACEAE,ENTEROCOCCUS,RAFFINOSUS,,ENTEROCOCCUS RAFFINOSUS
ENTEROCOCCUS SP,LACTOBACILLALES,ENTEROCOCCACEAE,ENTEROCOCCUS,SP,,ENTEROCOCCUS SP
VAGOCOCCUS FLUVIALIS,LACTOBACILLALES,ENTEROCOCCACEAE,VAGOCOCCUS,FLUVIALIS,,VAGOCOCCUS FLUVIALIS
LACTOBACILLUS ACIDOPHILUS,LACTOBACILLALES,LACTOBACILLACEAE,LACTOBACILLUS,ACIDOPHILUS,,LACTOBACILLUS ACIDOPHILUS
LACTOBACILLUS SP,LACTOBACILLALES,LACTOBACILLACEAE,LACTOBACILLUS,SP,,LACTOBACILLUS SP
LACTOCOCCUS GARVIEAE,LACTOBACILLALES,STREPTOCOCCACEAE,LACTOCOCCUS,GARVIEAE,,LACTOCOCCUS GARVIEAE
LACTOCOCCUS LACTIS,LACTOBACILLALES,STREPTOCOCCACEAE,LACTOCOCCUS,LACTIS,,LACTOCOCCUS LACTIS
LACTOCOCCUS SP,LACTOBACILLALES,STREPTOCOCCACEAE,LACTOCOCCUS,SP,,LACTOCOCCUS SP
STREPTOCOCCUS AGALACTIAE,LACTOBACILLALES,STREPTOCOCCACEAE,STREPTOCOCCUS,AGALACTIAE,,STREPTOCOCCUS AGALACTIAE
STREPTOCOCCUS ALACTOLYTICUS,LACTOBACILLALES,STREPTOCOCCACEAE,STREPTOCOCCUS,ALACTOLYTICUS,,STREPTOCOCCUS ALACTOLYTICUS
STREPTOCOCCUS ANGINOSUS,LACTOBACILLALES,STREPTOCOCCACEAE,STREPTOCOCCUS,ANGINOSUS,,STREPTOCOCCUS ANGINOSUS
STREPTOCOCCUS CANIS,LACTOBACILLALES,STREPTOCOCCACEAE,STREPTOCOCCUS,CANIS,,STREPTOCOCCUS CANIS
STREPTOCOCCUS CONSTELLATUS,LACTOBACILLALES,STREPTOCOCCACEAE,STREPTOCOCCUS,CONSTELLATUS,,STREPTOCOCCUS CONSTELLATUS
STREPTOCOCCUS DIDELPHIS,LACTOBACILLALES,STREPTOCOCCACEAE,STREPTOCOCCUS,DIDELPHIS,,STREPTOCOCCUS DIDELPHIS
STREPTOCOCCUS DYSGALACTIAE,LACTOBACILLALES,STREPTOCOCCACEAE,STREPTOCOCCUS,DYSGALACTIAE,,STREPTOCOCCUS DYSGALACTIAE
STREPTOCOCCUS EQUI SS EQUI,LACTOBACILLALES,STREPTOCOCCACEAE,STREPTOCOCCUS,EQUI,EQUI,STREPTOCOCCUS EQUI
STREPTOCOCCUS EQUI SS ZOOEPIDEMICUS,LACTOBACILLALES,STREPTOCOCCACEAE,STREPTOCOCCUS,EQUI,ZOOEPIDEMICUS,STREPTOCOCCUS EQUI
STREPTOCOCCUS GALLOLYTICUS,LACTOBACILLALES,STREPTOCOCCACEAE,STREPTOCOCCUS,GALLOLYTICUS,,STREPTOCOCCUS GALLOLYTICUS
STREPTOCOCCUS HALICHOERI,LACTOBACILLALES,STREPTOCOCCACEAE,STREPTOCOCCUS,HALICHOERI,,STREPTOCOCCUS HALICHOERI
STREPTOCOCCUS INTERMEDIUS,LACTOBACILLALES,STREPTOCOCCACEAE,STREPTOCOCCUS,INTERMEDIUS,,STREPTOCOCCUS INTERMEDIUS
STREPTOCOCCUS LUTENENSIS,LACTOBACILLALES,STREPTOCOCCACEAE,STREPTOCOCCUS,LUTETIENSIS,,STREPTOCOCCUS LUTETIENSIS
STREPTOCOCCUS LUTETIENSIS,LACTOBACILLALES,STREPTOCOCCACEAE,STREPTOCOCCUS,LUTETIENSIS,,STREPTOCOCCUS LUTETIENSIS
STREPTOCOCCUS MINOR,LACTOBACILLALES,STREPTOCOCCACEAE,STREPTOCOCCUS,MINOR,,STREPTOCOCCUS MINOR
STREPTOCOCCUS MITISSTREPTOCOCCUS ORALIS,LACTOBACILLALES,STREPTOCOCCACEAE,STREPTOCOCCUS,MITIS,ORALIS,STREPTOCOCCUS MITIS
STREPTOCOCCUS MUTANS,LACTOBACILLALES,STREPTOCOCCACEAE,STREPTOCOCCUS,MUTANS,,STREPTOCOCCUS MUTANS
STREPTOCOCCUS PLURANIMALIUM,LACTOBACILLALES,STREPTOCOCCACEAE,STREPTOCOCCUS,PLURANIMALIUM,,STREPTOCOCCUS PLURANIMALIUM
STREPTOCOCCUS PNEUMONIAE,LACTOBACILLALES,STREPTOCOCCACEAE,STREPTOCOCCUS,PNEUMONIAE,,STREPTOCOCCUS PNEUMONIAE
STREPTOCOCCUS PYOGENES,LACTOBACILLALES,STREPTOCOCCACEAE,STREPTOCOCCUS,PYOGENES,,STREPTOCOCCUS PYOGENES
STREPTOCOCCUS SALIVARIUS SSP SALIVARIUS,LACTOBACILLALES,STREPTOCOCCACEAE,STREPTOCOCCUS,SALIVARIUS,SALIVARIUS,STREPTOCOCCUS SALIVARIUS
STREPTOCOCCUS SANGUINIS,LACTOBACILLALES,STREPTOCOCCACEAE,STREPTOCOCCUS,SANGUINIS,,STREPTOCOCCUS SANGUINIS
BETA STREPTOCOCCUS,LACTOBACILLALES,STREPTOCOCCACEAE,STREPTOCOCCUS,SP,BETA,STREPTOCOCCUS SP
BETAHAEMOLYTIC STREPTOCOCCUS,LACTOBACILLALES,STREPTOCOCCACEAE,STREPTOCOCCUS,SP,BETA HEMOLYTIC,STREPTOCOCCUS SP
ALPHA STREPTOCOCCUS,LACTOBACILLALES,STREPTOCOCCACEAE,STREPTOCOCCUS,SP,ALPHA,STREPTOCOCCUS SP
ALPHAHAEMOLYTIC STREPTOCOCCUS,LACTOBACILLALES,STREPTOCOCCACEAE,STREPTOCOCCUS,SP,ALPHA HEMOLYTIC,STREPTOCOCCUS SP
ALPHA-HEMOLYTIC STREPTOCOCCUS,LACTOBACILLALES,STREPTOCOCCACEAE,STREPTOCOCCUS,SP,ALPHA HEMOLYTIC,STREPTOCOCCUS SP
NONHEMOLYTIC STREPTOCOCCUS SP,LACTOBACILLALES,STREPTOCOCCACEAE,STREPTOCOCCUS,SP,,STREPTOCOCCUS SP
STREPTOCOCCUS SUIS,LACTOBACILLALES,STREPTOCOCCACEAE,STREPTOCOCCUS,SUIS,,STREPTOCOCCUS SUIS
STREPTOCOCCUS VESTIBULARIS,LACTOBACILLALES,STREPTOCOCCACEAE,STREPTOCOCCUS,VESTIBULARIS,,STREPTOCOCCUS VESTIBULARIS
MALASSEZIA SP,MALASSEZIALES,MALASSEZIACEAE,MALASSEZIA,SP,,MALASSEZIA SP
SCEDOSPORIUM SP,MICROASCALES,MICROASCACEAE,SCEDOSPORIUM,SP,,SCEDOSPORIUM SP
SCOPULARIOPSIS SP,MICROASCALES,MICROASCACEAE,SCOPULARIOPSIS,SP,,SCOPULARIOPSIS SP
BREVIBACTERIUM CASEI,MICROCOCCALES,BREVIBACTERIACEAE,BREVIBACTERIUM,CASEI,,BREVIBACTERIUM CASEI
BREVIBACTERIUM PAUCIVORANS,MICROCOCCALES,BREVIBACTERIACEAE,BREVIBACTERIUM,PAUCIVORANS,,BREVIBACTERIUM PAUCIVORANS
CELLULOMONAS SP,MICROCOCCALES,CELLULOMONADACEAE,CELLULOMONAS,SP,,CELLULOMONAS SP
OERSKOVIA SP,MICROCOCCALES,CELLULOMONADACEAE,OERSKOVIA,SP,,OERSKOVIA SP
BRACHYBACTERIUM CONGLOMERATUM,MICROCOCCALES,DERMABACTERACEAE,BRACHYBACTERIUM,CONGLOMERATUM,,BRACHYBACTERIUM CONGLOMERATUM
DERMATOPHILUS CONGOLENSIS,MICROCOCCALES,DERMATOPHILACEAE,DERMATOPHILUS,CONGOLENSIS,,DERMATOPHILUS CONGOLENSIS
JANIBACTER HOYLEI,MICROCOCCALES,INTRASPORANGIACEAE,JANIBACTER,HOYLEI,,JANIBACTER HOYLEI
AGROMYCES SP,MICROCOCCALES,MICROBACTERIACEAE,AGROMYCES,SP,,AGROMYCES SP
CLAVIBACTER MICHIGANENSIS,MICROCOCCALES,MICROBACTERIACEAE,CLAVIBACTER,MICHIGANENSIS,,CLAVIBACTER MICHIGANENSIS
MICROBACTERIUM  SP,MICROCOCCALES,MICROBACTERIACEAE,MICROBACTERIUM,SP,,MICROBACTERIUM SP
ARTHROBACTER SP,MICROCOCCALES,MICROCOCCACEAE,ARTHROBACTER,SP,,ARTHROBACTER SP
KOCURIA KRISTINAE,MICROCOCCALES,MICROCOCCACEAE,KOCURIA,KRISTINAE,,KOCURIA KRISTINAE
MICROCOCCUS LUTEUS,MICROCOCCALES,MICROCOCCACEAE,MICROCOCCUS,LUTEUS,,MICROCOCCUS LUTEUS
MICROCOCCUS SP,MICROCOCCALES,MICROCOCCACEAE,MICROCOCCUS,SP,,MICROCOCCUS SP
ACINETOBACTER BAUMANNII,MORAXELLALES,MORAXELLACEAE,ACINETOBACTER,BAUMANNII,,ACINETOBACTER BAUMANNII
ACINETOBACTER BAUMANNII COMPLEX,MORAXELLALES,MORAXELLACEAE,ACINETOBACTER,BAUMANNII,,ACINETOBACTER BAUMANNII
ACINETOBACTER BAYLI,MORAXELLALES,MORAXELLACEAE,ACINETOBACTER,BAYLI,,ACINETOBACTER BAYLI
ACINETOBACTER CALCOACETICUS,MORAXELLALES,MORAXELLACEAE,ACINETOBACTER,CALCOACETICUS,,ACINETOBACTER CALCOACETICUS
ACINETOBACTER HAEMOLYTICUS,MORAXELLALES,MORAXELLACEAE,ACINETOBACTER,HAEMOLYTICUS,,ACINETOBACTER HAEMOLYTICUS
ACINETOBACTER JOHNSONII,MORAXELLALES,MORAXELLACEAE,ACINETOBACTER,JOHNSONII,,ACINETOBACTER JOHNSONII
ACINETOBACTER JUNII,MORAXELLALES,MORAXELLACEAE,ACINETOBACTER,JUNII,,ACINETOBACTER JUNII
ACINETOBACTER LACTUCAE,MORAXELLALES,MORAXELLACEAE,ACINETOBACTER,LACTUCAE,,ACINETOBACTER LACTUCAE
ACINETOBACTER LWOFFII,MORAXELLALES,MORAXELLACEAE,ACINETOBACTER,LWOFFII,,ACINETOBACTER LWOFFII
ACINETOBACTER PITTI,MORAXELLALES,MORAXELLACEAE,ACINETOBACTER,PITTII,,ACINETOBACTER PITTII
ACINETOBACTER PITTII,MORAXELLALES,MORAXELLACEAE,ACINETOBACTER,PITTII,,ACINETOBACTER PITTII
ACINETOBACTER PROTEOLYTICUS,MORAXELLALES,MORAXELLACEAE,ACINETOBACTER,PROTEOLYTICUS,,ACINETOBACTER PROTEOLYTICUS
ACINETOBACTER RADIORESISTENS,MORAXELLALES,MORAXELLACEAE,ACINETOBACTER,RADIORESISTENS,,ACINETOBACTER RADIORESISTENS
ACINETOBACTER SP,MORAXELLALES,MORAXELLACEAE,ACINETOBACTER,SP,,ACINETOBACTER SP
ACINETOBACTER URSINGII,MORAXELLALES,MORAXELLACEAE,ACINETOBACTER,URSINGII,,ACINETOBACTER URSINGII
MORAXELLA LACUNATA,MORAXELLALES,MORAXELLACEAE,MORAXELLA,LACUNATA,,MORAXELLA LACUNATA
MORAXELLA OSLOENSIS,MORAXELLALES,MORAXELLACEAE,MORAXELLA,OSLOENSIS,,MORAXELLA OSLOENSIS
MORAXELLA GROUP,MORAXELLALES,MORAXELLACEAE,MORAXELLA,SP,GROUP,MORAXELLA SP
MORAXELLA SP,MORAXELLALES,MORAXELLACEAE,MORAXELLA,SP,,MORAXELLA SP
MORAXELLA,MORAXELLALES,MORAXELLACEAE,MORAXELLA,SP,,MORAXELLA SP
PSYCHROBACTERMORAXELLA SP,MORAXELLALES,MORAXELLACEAE,PSYCHROBACTER,MORAXELLA,,PSYCHROBACTER MORAXELLA
PSYCHROBACTERMORAXELLA SP,MORAXELLALES,MORAXELLACEAE,PSYCHROBACTER,MORAXELLA,,PSYCHROBACTER MORAXELLA
PSYCHROBACTERMORAXELLASP,MORAXELLALES,MORAXELLACEAE,PSYCHROBACTER,MORAXELLA,,PSYCHROBACTER MORAXELLA
PSYCHROBACTER PHENYLPYRUVICIS,MORAXELLALES,MORAXELLACEAE,PSYCHROBACTER,PHENYLPYRUVICIS,,PSYCHROBACTER PHENYLPYRUVICIS
PSYCHROBACTER SANGUINIS,MORAXELLALES,MORAXELLACEAE,PSYCHROBACTER,SANGUINIS,,PSYCHROBACTER SANGUINIS
PSYCHOBACTER,MORAXELLALES,MORAXELLACEAE,PSYCHROBACTER,SP,,PSYCHROBACTER SP
PSYCHROBACTER,MORAXELLALES,MORAXELLACEAE,PSYCHROBACTER,SP,,PSYCHROBACTER SP
PSYCHROBACTER SP,MORAXELLALES,MORAXELLACEAE,PSYCHROBACTER,SP,,PSYCHROBACTER SP
PSYCHROBACTER SP,MORAXELLALES,MORAXELLACEAE,PSYCHROBACTER,SP,,PSYCHROBACTER SP
PSYCROBACTER,MORAXELLALES,MORAXELLACEAE,PSYCHROBACTER,SP,,PSYCHROBACTER SP
PYCHROBACTER,MORAXELLALES,MORAXELLACEAE,PSYCHROBACTER,SP,,PSYCHROBACTER SP
PYSCHROBACTER,MORAXELLALES,MORAXELLACEAE,PSYCHROBACTER,SP,,PSYCHROBACTER SP
PHYSCHROBACTER,MORAXELLALES,MORAXELLACEAE,PSYCHROBACTER,SP,,PSYCHROBACTER SP
RHIZOPUS SP,MUCORALES,RHIZOPODACEAE,RHIZOPUS,SP,,RHIZOPUS SP
SYNCEPHALASTRUM SP,MUCORALES,SYNCEPHALASTRACEAE,SYNCEPHALASTRUM,SP,,SYNCEPHALASTRUM SP
MUCOR SP,MUCORINEAE,MUCORACEAE,MUCOR,SP,,MUCOR SP
CORYNEBACTERIUM AFERMENTANS,MYCOBACTERIALES,CORYNEBACTERIACEAE,CORYNEBACTERIUM,AFERMENTANS,,CORYNEBACTERIUM AFERMENTANS
CORYNEBACTERIUM AMYCOLATUM,MYCOBACTERIALES,CORYNEBACTERIACEAE,CORYNEBACTERIUM,AMYCOLATUM,,CORYNEBACTERIUM AMYCOLATUM
CORYNEBACTERIUM AURISCANIS,MYCOBACTERIALES,CORYNEBACTERIACEAE,CORYNEBACTERIUM,AURISCANIS,,CORYNEBACTERIUM AURISCANIS
CORYNEBACTERIUM MASTITIDIS,MYCOBACTERIALES,CORYNEBACTERIACEAE,CORYNEBACTERIUM,MASTITIDIS,,CORYNEBACTERIUM MASTITIDIS
CORYNEBACTERIUM MINUTISSIMUM,MYCOBACTERIALES,CORYNEBACTERIACEAE,CORYNEBACTERIUM,MINUTISSIMUM,,CORYNEBACTERIUM MINUTISSIMUM
CORYNEBACTERIUM PSEUDOTUBERCULOSIS,MYCOBACTERIALES,CORYNEBACTERIACEAE,CORYNEBACTERIUM,PSEUDOTUBERCULOSIS,,CORYNEBACTERIUM PSEUDOTUBERCULOSIS
CORYNEBACTERIUM SP,MYCOBACTERIALES,CORYNEBACTERIACEAE,CORYNEBACTERIUM,SP,,CORYNEBACTERIUM SP
CORYNEBACTERIUM STRIATUM,MYCOBACTERIALES,CORYNEBACTERIACEAE,CORYNEBACTERIUM,STRIATUM,,CORYNEBACTERIUM STRIATUM
CORYNEBACTERIUM ULCERANS,MYCOBACTERIALES,CORYNEBACTERIACEAE,CORYNEBACTERIUM,ULCERANS,,CORYNEBACTERIUM ULCERANS
CORYNEBACTERIUM UREALYTICUM,MYCOBACTERIALES,CORYNEBACTERIACEAE,CORYNEBACTERIUM,UREALYTICUM,,CORYNEBACTERIUM UREALYTICUM
DIETZIA SPP,MYCOBACTERIALES,DIETZIACEAE,DIETZIA,SP,,DIETZIA SP
GORDONIA SP,MYCOBACTERIALES,GORDONIACEAE,GORDONIA,SP,,GORDONIA SP
MYCOBACTERIUM ABSCESSUS,MYCOBACTERIALES,MYCOBACTERIACEAE,MYCOBACTERIUM,ABSCESSUS,,MYCOBACTERIUM ABSCESSUS
MYCOBACTERIUM FORTUITUM,MYCOBACTERIALES,MYCOBACTERIACEAE,MYCOBACTERIUM,FORTUITUM,,MYCOBACTERIUM FORTUITUM
MYCOBACTERIUM GOODII,MYCOBACTERIALES,MYCOBACTERIACEAE,MYCOBACTERIUM,GOODII,,MYCOBACTERIUM GOODII
MYCOBACTERIUM SMEGMATIS,MYCOBACTERIALES,MYCOBACTERIACEAE,MYCOBACTERIUM,SMEGMATIS,,MYCOBACTERIUM SMEGMATIS
MYCOBACTERIUM SP,MYCOBACTERIALES,MYCOBACTERIACEAE,MYCOBACTERIUM,SP,,MYCOBACTERIUM SP
RAPIDGROWING MYCOBACTERIA,MYCOBACTERIALES,MYCOBACTERIACEAE,MYCOBACTERIUM,SP,,MYCOBACTERIUM SP
MYCOBACTERIUM WOLINSKYI,MYCOBACTERIALES,MYCOBACTERIACEAE,MYCOBACTERIUM,WOLINSKYI,,MYCOBACTERIUM WOLINSKYI
NOCARDIA FARCINICA,MYCOBACTERIALES,NOCARDIACEAE,NOCARDIA,FARCINICA,,NOCARDIA FARCINICA
NOCARDIA NOVA,MYCOBACTERIALES,NOCARDIACEAE,NOCARDIA,NOVA,,NOCARDIA NOVA
NORCARDIA NOVA,MYCOBACTERIALES,NOCARDIACEAE,NOCARDIA,NOVA,,NOCARDIA NOVA
NOCARDIA SP,MYCOBACTERIALES,NOCARDIACEAE,NOCARDIA,SP,,NOCARDIA SP
PRESUMPTIVE NOCARDIA SP,MYCOBACTERIALES,NOCARDIACEAE,NOCARDIA,SP,PRESUMED,NOCARDIA SP
RHODOCOCCUS EQUI,MYCOBACTERIALES,NOCARDIACEAE,RHODOCOCCUS,EQUI,,RHODOCOCCUS EQUI
RHODOCOCCUS SP,MYCOBACTERIALES,NOCARDIACEAE,RHODOCOCCUS,SP,,RHODOCOCCUS SP
TSUKAMURELLA SP,MYCOBACTERIALES,TSUKAMURELLACEAE,TSUKAMURELLA,SP,,TSUKAMURELLA SP
MYCOPLASMA SP,MYCOPLASMATALES,MYCOPLASMATACEAE,MYCOPLASMA,SP,,MYCOPLASMA SP
CHROMOBACTERIUM SP,NEISSERIALES,CHROMOBACTERIACEAE,CHROMOBACTERIUM,SP,,CHROMOBACTERIUM SP
CHROMOBACTERIUM VIOLACEUM,NEISSERIALES,CHROMOBACTERIACEAE,CHROMOBACTERIUM,VIOLACEUM,,CHROMOBACTERIUM VIOLACEUM
CHRYSEOBACTERIUM GLEUM,NEISSERIALES,CHROMOBACTERIACEAE,CHRYSEOBACTERIUM,GLEUM,,CHRYSEOBACTERIUM GLEUM
CHRYSEOBACTERIUM INDOLOGENES,NEISSERIALES,CHROMOBACTERIACEAE,CHRYSEOBACTERIUM,INDOLOGENES,,CHRYSEOBACTERIUM INDOLOGENES
CHRYSEOBACTERIUM SP,NEISSERIALES,CHROMOBACTERIACEAE,CHRYSEOBACTERIUM,SP,,CHRYSEOBACTERIUM SP
CHRYSEOBACTERIUM SP,NEISSERIALES,CHROMOBACTERIACEAE,CHRYSEOBACTERIUM,SP,,CHRYSEOBACTERIUM SP
EIKENELLA CORRODENS,NEISSERIALES,NEISSERIACEAE,EIKENELLA,CORRODENS,,EIKENELLA CORRODENS
PRESUMPTIVE EIKENELLA SP,NEISSERIALES,NEISSERIACEAE,EIKENELLA,SP,PRESUMED,EIKENELLA SP
NEISSERIA ANIMALORIS,NEISSERIALES,NEISSERIACEAE,NEISSERIA,ANIMALORIS,,NEISSERIA ANIMALORIS
NEISSERIA SP,NEISSERIALES,NEISSERIACEAE,NEISSERIA,SP,,NEISSERIA SP
NEISSERIA ZOODAGMATIS,NEISSERIALES,NEISSERIACEAE,NEISSERIA,ZOODAGMATIS,,NEISSERIA ZOODAGMATIS
MICROSPORUM CANIS,ONYGENALES,ARTHRODERMATACEAE,MICROSPORUM,CANIS,,MICROSPORUM CANIS
MICROSPORUM GYPSEUM,ONYGENALES,ARTHRODERMATACEAE,MICROSPORUM,GYPSEUM,,MICROSPORUM GYPSEUM
MICROSPORUM SP,ONYGENALES,ARTHRODERMATACEAE,MICROSPORUM,SP,,MICROSPORUM SP
TRICHOPHYTON MENTAGROPHYTES,ONYGENALES,ARTHRODERMATACEAE,TRICHOPHYTON,MENTAGROPHYTES,,TRICHOPHYTON MENTAGROPHYTES
TRICHOPHYTON SP,ONYGENALES,ARTHRODERMATACEAE,TRICHOPHYTON,SP,,TRICHOPHYTON SP
TRICHOSPORON ASAHII,ONYGENALES,ARTHRODERMATACEAE,TRICHOSPORON,ASAHII,,TRICHOSPORON ASAHII
TRICHOSPORON LOUBIERI,ONYGENALES,ARTHRODERMATACEAE,TRICHOSPORON,LOUBIERI,,TRICHOSPORON LOUBIERI
TRICHOSPORON SP,ONYGENALES,ARTHRODERMATACEAE,TRICHOSPORON,SP,,TRICHOSPORON SP
CHRYSOSPORIUM SP,ONYGENALES,ONYGENACEAE,CHRYSOSPORIUM,SP,,CHRYSOSPORIUM SP
COCCIDIOIDES IMMITISPOSADASII,ONYGENALES,ONYGENACEAE,COCCIDIOIDES,IMMITISPOSADASII,,COCCIDIOIDES IMMITISPOSADASII
SPOROTHRIX SCHENECKII,OPHIOSTOMATALES,OPHIOSTOMATACEAE,SPOROTHRIX,SCHENECKII,,SPOROTHRIX SCHENECKII
ACTINOBACILLUS SP,PASTEURELLALES,PASTEURELLACEAE,ACTINOBACILLUS,SP,,ACTINOBACILLUS SP
ACTINOBACILLUS UREAE,PASTEURELLALES,PASTEURELLACEAE,ACTINOBACILLUS,UREAE,,ACTINOBACILLUS UREAE
HAEMOPHILUS HAEMOGLOBINOPHILUS,PASTEURELLALES,PASTEURELLACEAE,HAEMOPHILUS,HAEMOGLOBINOPHILUS,,HAEMOPHILUS HAEMOGLOBINOPHILUS
HAEMOPHILUS SP,PASTEURELLALES,PASTEURELLACEAE,HAEMOPHILUS,SP,,HAEMOPHILUS SP
MANNHEIMIA HAEMOLYTICA,PASTEURELLALES,PASTEURELLACEAE,MANNHEIMIA,HAEMOLYTICA,,MANNHEIMIA HAEMOLYTICA
MANNHEIMIA SP,PASTEURELLALES,PASTEURELLACEAE,MANNHEIMIA,SP,,MANNHEIMIA SP
PASTEURELLA AEROGENES,PASTEURELLALES,PASTEURELLACEAE,PASTEURELLA,AEROGENES,,PASTEURELLA AEROGENES
PASTEURELLA CANIS,PASTEURELLALES,PASTEURELLACEAE,PASTEURELLA,CANIS,,PASTEURELLA CANIS
PASTEURELLA DAGMATIS,PASTEURELLALES,PASTEURELLACEAE,PASTEURELLA,DAGMATIS,,PASTEURELLA DAGMATIS
PASTEURELLA MULTOCIDA,PASTEURELLALES,PASTEURELLACEAE,PASTEURELLA,MULTOCIDA,,PASTEURELLA MULTOCIDA
PASTEURELLA PNEUMOTROPICA,PASTEURELLALES,PASTEURELLACEAE,PASTEURELLA,PNEUMOTROPICA,,PASTEURELLA PNEUMOTROPICA
PASTEURELLA SP,PASTEURELLALES,PASTEURELLACEAE,PASTEURELLA,SP,,PASTEURELLA SP
PASTEURELLA STOMATIS,PASTEURELLALES,PASTEURELLACEAE,PASTEURELLA,STOMATIS,,PASTEURELLA STOMATIS
EPICOCCUM SP,PLEOSPORALES,DIDYMELLACEAE,EPICOCCUM,SP,,EPICOCCUM SP
ALTERNARIA SP,PLEOSPORALES,PLEOSPORACEAE,ALTERNARIA,SP,,ALTERNARIA SP
BIPOLARIS SP,PLEOSPORALES,PLEOSPORACEAE,BIPOLARIS,SP,,BIPOLARIS SP
BIPOLARIS SP,PLEOSPORALES,PLEOSPORACEAE,BIPOLARIS,SP,,BIPOLARIS SP
CURVULARIA SP,PLEOSPORALES,PLEOSPORACEAE,CURVULARIA,SP,,CURVULARIA SP
CURVULARIA SP,PLEOSPORALES,PLEOSPORACEAE,CURVULARIA,SP,,CURVULARIA SP
PROPIONIBACTERIUM SP,PROPIONIBACTERIALES,PROPIONIBACTERIACEAE,PROPIONIBACTERIUM,SP,,PROPIONIBACTERIUM SP
FLAVIMONAS,PSEUDOMONADALES,PSEUDOMONADACEAE,FLAVIMONAS,SP,,FLAVIMONAS SP
PSEUDOMONAS AERUGINOSA,PSEUDOMONADALES,PSEUDOMONADACEAE,PSEUDOMONAS,AERUGINOSA,,PSEUDOMONAS AERUGINOSA
PSEUDOMONAS ALCALIGENES,PSEUDOMONADALES,PSEUDOMONADACEAE,PSEUDOMONAS,ALCALIGENES,,PSEUDOMONAS ALCALIGENES
PSEUDOMONAS FLUORESCENS,PSEUDOMONADALES,PSEUDOMONADACEAE,PSEUDOMONAS,FLUORESCENS,,PSEUDOMONAS FLUORESCENS
PSEUDOMONAS FRAGI,PSEUDOMONADALES,PSEUDOMONADACEAE,PSEUDOMONAS,FRAGI,,PSEUDOMONAS FRAGI
PSEUDOMONAS FULVA,PSEUDOMONADALES,PSEUDOMONADACEAE,PSEUDOMONAS,FULVA,,PSEUDOMONAS FULVA
PSEUDOMONAS KOREENSIS,PSEUDOMONADALES,PSEUDOMONADACEAE,PSEUDOMONAS,KOREENSIS,,PSEUDOMONAS KOREENSIS
PSEUDOMONAS LUTEOLA,PSEUDOMONADALES,PSEUDOMONADACEAE,PSEUDOMONAS,LUTEOLA,,PSEUDOMONAS LUTEOLA
PSEUDOMONAS MENDOCINA,PSEUDOMONADALES,PSEUDOMONADACEAE,PSEUDOMONAS,MENDOCINA,,PSEUDOMONAS MENDOCINA
PSEUDOMONAS MONTEILII,PSEUDOMONADALES,PSEUDOMONADACEAE,PSEUDOMONAS,MONTEILII,,PSEUDOMONAS MONTEILII
PSEUDOMONAS OLEOVORANS,PSEUDOMONADALES,PSEUDOMONADACEAE,PSEUDOMONAS,OLEOVORANS,,PSEUDOMONAS OLEOVORANS
PSEUDOMONAS PUTIDA,PSEUDOMONADALES,PSEUDOMONADACEAE,PSEUDOMONAS,PUTIDA,,PSEUDOMONAS PUTIDA
PSEUDOMONAS RHODESIAE,PSEUDOMONADALES,PSEUDOMONADACEAE,PSEUDOMONAS,RHODESIAE,,PSEUDOMONAS RHODESIAE
PSEUDOMONAS SP,PSEUDOMONADALES,PSEUDOMONADACEAE,PSEUDOMONAS,SP,,PSEUDOMONAS SP
PSEUDOMONAS STUTZERI,PSEUDOMONADALES,PSEUDOMONADACEAE,PSEUDOMONAS,STUTZERI,,PSEUDOMONAS STUTZERI
PSEUDOMONAS VIRIDIFLAVA,PSEUDOMONADALES,PSEUDOMONADACEAE,PSEUDOMONAS,VIRIDIFLAVA,,PSEUDOMONAS VIRIDIFLAVA
PARACOCCUS YEEI,RHODOBACTERALES,PARACOCCACEAE,PARACOCCUS,YEEI,,PARACOCCUS YEEI
ROSEOMONAS GILARDII,RHODOSPIRILLALES,ACETOBACTERACEAE,ROSEOMONAS,GILARDII,,ROSEOMONAS GILARDII
ROSEOMONAS SP,RHODOSPIRILLALES,ACETOBACTERACEAE,ROSEOMONAS,SP,,ROSEOMONAS SP
ROSEOMONAS SP,RHODOSPIRILLALES,ACETOBACTERACEAE,ROSEOMONAS,SP,,ROSEOMONAS SP
CANDIDA ALBICANS,SACCHAROMYCETALES,DEBARYOMYCETACEAE,CANDIDA,ALBICANS,,CANDIDA ALBICANS
CANDIDA CATENULATA,SACCHAROMYCETALES,DEBARYOMYCETACEAE,CANDIDA,CATENULATA,,CANDIDA CATENULATA
CANDIDA CIFERRII,SACCHAROMYCETALES,DEBARYOMYCETACEAE,CANDIDA,CIFERRII,,CANDIDA CIFERRII
CANDIDA DUBLINIENSIS,SACCHAROMYCETALES,DEBARYOMYCETACEAE,CANDIDA,DUBLINIENSIS,,CANDIDA DUBLINIENSIS
CANDIDA FAMATA,SACCHAROMYCETALES,DEBARYOMYCETACEAE,CANDIDA,FAMATA,,CANDIDA FAMATA
CANDIDA GLABRATA,SACCHAROMYCETALES,DEBARYOMYCETACEAE,CANDIDA,GLABRATA,,CANDIDA GLABRATA
CANDIDA GUILLIERMONDII,SACCHAROMYCETALES,DEBARYOMYCETACEAE,CANDIDA,GUILLIERMONDII,,CANDIDA GUILLIERMONDII
CANDIDA KRUSEI,SACCHAROMYCETALES,DEBARYOMYCETACEAE,CANDIDA,KRUSEI,,CANDIDA KRUSEI
CANDIDA LUSITANIAE,SACCHAROMYCETALES,DEBARYOMYCETACEAE,CANDIDA,LUSITANIAE,,CANDIDA LUSITANIAE
CANDIDA PARAPSILOSIS,SACCHAROMYCETALES,DEBARYOMYCETACEAE,CANDIDA,PARAPSILOSIS,,CANDIDA PARAPSILOSIS
CANDIDA RUGOSA,SACCHAROMYCETALES,DEBARYOMYCETACEAE,CANDIDA,RUGOSA,,CANDIDA RUGOSA
CANDIDA SP,SACCHAROMYCETALES,DEBARYOMYCETACEAE,CANDIDA,SP,,CANDIDA SP
CANDIDA SP NOT C ALBICANS,SACCHAROMYCETALES,DEBARYOMYCETACEAE,CANDIDA,SP,,CANDIDA SP
CANDIDA TROPICALIS,SACCHAROMYCETALES,DEBARYOMYCETACEAE,CANDIDA,TROPICALIS,,CANDIDA TROPICALIS
KODAMAEA OHMERI,SACCHAROMYCETALES,DEBARYOMYCETACEAE,KODAMAEA,OHMERI,,KODAMAEA OHMERI
GEOTRICHUM SP,SACCHAROMYCETALES,DIPODASCACEAE,GEOTRICHUM,SP,,GEOTRICHUM SP
YARROWIA LIPOLYTICA,SACCHAROMYCETALES,DIPODASCACEAE,YARROWIA,LIPOLYTICA,,YARROWIA LIPOLYTICA
KAZACHSTANIA SP,SACCHAROMYCETALES,SACCHAROMYCETACEAE,KAZACHSTANIA,SP,,KAZACHSTANIA SP
KAZACHSTANIA TELLURIS,SACCHAROMYCETALES,SACCHAROMYCETACEAE,KAZACHSTANIA,TELLURIS,,KAZACHSTANIA TELLURIS
CHAETOMIUM SP,SORDARIALES,CHAETOMIACEAE,CHAETOMIUM,SP,,CHAETOMIUM SP
CHAETOMIUM SP,SORDARIALES,CHAETOMIACEAE,CHAETOMIUM,SP,,CHAETOMIUM SP
SPHINGOBACTERIUM MULTIVORUM,SPHINGOBACTERIALES,SPHINGOBACTERIACEAE,SPHINGOBACTERIUM,MULTIVORUM,,SPHINGOBACTERIUM MULTIVORUM
SPHINGOBACTERIUM SP,SPHINGOBACTERIALES,SPHINGOBACTERIACEAE,SPHINGOBACTERIUM,SP,,SPHINGOBACTERIUM SP
SPHINGOBACTERIUM SPIRITIVORUM,SPHINGOBACTERIALES,SPHINGOBACTERIACEAE,SPHINGOBACTERIUM,SPIRITIVORUM,,SPHINGOBACTERIUM SPIRITIVORUM
SPHINGOBACTERIUM THALPOPHILUM,SPHINGOBACTERIALES,SPHINGOBACTERIACEAE,SPHINGOBACTERIUM,THALPOPHILUM,,SPHINGOBACTERIUM THALPOPHILUM
SPHINGOMONAS PARAPAUCIMOBILIS,SPHINGOBACTERIALES,SPHINGOMONADACEAE,SPHINGOMONAS,PARAPAUCIMOBILIS,,SPHINGOMONAS PARAPAUCIMOBILIS
SPHINGOMONAS PAUCIMOBILIS,SPHINGOBACTERIALES,SPHINGOMONADACEAE,SPHINGOMONAS,PAUCIMOBILIS,,SPHINGOMONAS PAUCIMOBILIS
SHINGOMONAS SP,SPHINGOBACTERIALES,SPHINGOMONADACEAE,SPHINGOMONAS,SP,,SPHINGOMONAS SP
SPHINGOMONAS SP,SPHINGOBACTERIALES,SPHINGOMONADACEAE,SPHINGOMONAS,SP,,SPHINGOMONAS SP
SPHINGOMONAS SP,SPHINGOBACTERIALES,SPHINGOMONADACEAE,SPHINGOMONAS,SP,,SPHINGOMONAS SP
RHODOTORULA SP,SPORIDIOBOLALES,SPORIDIOBOLACEAE,RHODOTORULA,SP,,RHODOTORULA SP
FRANCISCELLA PHILOMIRAGIA,THIOTRICHALES,FRANCISELLACEAE,FRANCISELLA,PHILOMIRAGIA,,FRANCISELLA PHILOMIRAGIA
CRYPTOCOCCUS ALBIDUS,TREMELLALES,CRYPTOCOCCACEAE,CRYPTOCOCCUS,ALBIDUS,,CRYPTOCOCCUS ALBIDUS
CRYPTOCOCCUS GATTII,TREMELLALES,CRYPTOCOCCACEAE,CRYPTOCOCCUS,GATTII,,CRYPTOCOCCUS GATTII
CRYPTOCOCCUS LAURENTII,TREMELLALES,CRYPTOCOCCACEAE,CRYPTOCOCCUS,LAURENTII,,CRYPTOCOCCUS LAURENTII
CRYPTOCOCCUS LIQUAEFACIENS,TREMELLALES,CRYPTOCOCCACEAE,CRYPTOCOCCUS,LIQUEFACIENS,,CRYPTOCOCCUS LIQUEFACIENS
CRYPTOCOCCUS LIQUEFACIENS,TREMELLALES,CRYPTOCOCCACEAE,CRYPTOCOCCUS,LIQUEFACIENS,,CRYPTOCOCCUS LIQUEFACIENS
CRYPTOCOCCUS LIQUIFACIENS,TREMELLALES,CRYPTOCOCCACEAE,CRYPTOCOCCUS,LIQUIFACIENS,,CRYPTOCOCCUS LIQUIFACIENS
CRYPTOCOCCUS NEOFORMANS,TREMELLALES,CRYPTOCOCCACEAE,CRYPTOCOCCUS,NEOFORMANS,,CRYPTOCOCCUS NEOFORMANS
CRYPTOCOCCUS SP,TREMELLALES,CRYPTOCOCCACEAE,CRYPTOCOCCUS,SP,,CRYPTOCOCCUS SP
PHOTOBACTERIUM DAMSELAE,VIBRIONALES,VIBRIONACEAE,PHOTOBACTERIUM,DAMSELAE,,PHOTOBACTERIUM DAMSELAE
VIBRIO ALGINOLYTICUS,VIBRIONALES,VIBRIONACEAE,VIBRIO,ALGINOLYTICUS,,VIBRIO ALGINOLYTICUS
VIBRIO CHOLERAE,VIBRIONALES,VIBRIONACEAE,VIBRIO,CHOLERAE,,VIBRIO CHOLERAE
VIBRIO FLUVIALIS,VIBRIONALES,VIBRIONACEAE,VIBRIO,FLUVIALIS,,VIBRIO FLUVIALIS
VIBRIO PARAHAEMOLYTICUS,VIBRIONALES,VIBRIONACEAE,VIBRIO,PARAHAEMOLYTICUS,,VIBRIO PARAHAEMOLYTICUS
VIBRIO SP,VIBRIONALES,VIBRIONACEAE,VIBRIO,SP,,VIBRIO SP
VIBRIO VULNIFICUS,VIBRIONALES,VIBRIONACEAE,VIBRIO,VULNIFICUS,,VIBRIO VULNIFICUS
PSEUDOXANTHOMONAS MEXICANA,XANTHOMONADALES,XANTHOMONADACEAE,PSEUDOXANTHOMONAS,MEXICANA,,PSEUDOXANTHOMONAS MEXICANA
STENOTROPHOMONAS MALTOPHILIA,XANTHOMONADALES,XANTHOMONADACEAE,STENOTROPHOMONAS,MALTOPHILIA,,STENOTROPHOMONAS MALTOPHILIA
STENOTROPHOMOANS SP,XANTHOMONADALES,XANTHOMONADACEAE,STENOTROPHOMONAS,SP,,STENOTROPHOMONAS SP
STENOTROPHOMONAS SP,XANTHOMONADALES,XANTHOMONADACEAE,STENOTROPHOMONAS,SP,,STENOTROPHOMONAS SP
STENOTROPHOMONAS SP,XANTHOMONADALES,XANTHOMONADACEAE,STENOTROPHOMONAS,SP,,STENOTROPHOMONAS SP
STENOTROPHOMONS SP,XANTHOMONADALES,XANTHOMONADACEAE,STENOTROPHOMONAS,SP,,STENOTROPHOMONAS SP
STENOTROPHONMONAS SP,XANTHOMONADALES,XANTHOMONADACEAE,STENOTROPHOMONAS,SP,,STENOTROPHOMONAS SP
STENOTROPHPMONAS SP,XANTHOMONADALES,XANTHOMONADACEAE,STENOTROPHOMONAS,SP,,STENOTROPHOMONAS SP
STENPTROPHOMONAS SP,XANTHOMONADALES,XANTHOMONADACEAE,STENOTROPHOMONAS,SP,,STENOTROPHOMONAS SP
STENTOTROPHOMONAS SP,XANTHOMONADALES,XANTHOMONADACEAE,STENOTROPHOMONAS,SP,,STENOTROPHOMONAS SP
UNKNOWN,UNKNOWN,,,,,
